,title,ad_url,address,unit_type,price,bedrooms,bathrooms,apartment_lat,apartment_lon,hydro_included,heat_included,water_included,laundry_included,backyard_included,parking_included,gym_included,sqft,furnished,air_conditioning,walk_score,transit_score,bike_score,img_1,"img_2""",img_3
0,"
                            RENOVATED KEELE & EGLINTON 1 BDR WITH DISHWASHER & LAUNDRY AUG 1
                        ",https://www.kijiji.ca/v-apartments-condos/city-of-toronto/renovated-keele-eglinton-1-bdr-with-dishwasher-laundry-aug-1/1512439386?null&siteLocale=en_CA,"Donald Ave, Toronto, ON M6M, Canada",Apartment,1400,1,1,43.6866209,-79.4662971,1,1,1,1,1,1,0,700,0,0,60,70,40,https://i.ebayimg.com/00/s/NjAwWDgwMA==/z/s-UAAOSwVH1fD7gc/$_27.JPG,https://i.ebayimg.com/00/s/ODAwWDYwMA==/z/1IoAAOSwQDZfD7gm/$_2.JPG,https://i.ebayimg.com/00/s/ODAwWDYwMA==/z/LLAAAOSw5S5fD7gp/$_2.JPG
1,"
                            ★BEAUTIFUL 1 BED, 1 BATH CONDO IN DOWNTOWN TORONTO★
                        ",https://www.kijiji.ca/v-apartments-condos/city-of-toronto/beautiful-1-bed-1-bath-condo-in-downtown-toronto/1512438343?null&siteLocale=en_CA,"170 Bayview Ave, Toronto, ON M5A 0G4, Canada",Apartment,1795,1,1,43.6553616,-79.353782,0,0,0,1,0,0,1,542,0,1,76,88,97,https://i.ebayimg.com/00/s/NTM3WDgwMA==/z/y9AAAOSwwnlfD7Y2/$_27.JPG,https://i.ebayimg.com/00/s/ODAwWDYwMA==/z/-SgAAOSwjiNfD7Y6/$_2.JPG,https://i.ebayimg.com/00/s/NjAwWDgwMA==/z/SOUAAOSwIexfD7Y8/$_2.JPG
2,"
                            GOOD TENANT BUT HAVE LOW CREDIT
                        ",https://www.kijiji.ca/v-apartments-condos/city-of-toronto/good-tenant-but-have-low-credit/1512434946?null&siteLocale=en_CA,", scarborough M1B 0A9 ON, Canada",Apartment,2099,1,1,43.8075064,-79.1797191,0,1,1,1,1,1,1,700,0,1,15,59,53,,,
3,"
                            SECURE AN APARTMENT WITH LOW CREDIT AND REMAIN STRESS-FREE
                        ",https://www.kijiji.ca/v-apartments-condos/city-of-toronto/secure-an-apartment-with-low-credit-and-remain-stress-free/1512434684?null&siteLocale=en_CA,", scarborough M1B 1A1 ON, Canada",Apartment,2041,1,1,43.7972624,-79.2273163,0,1,1,1,1,1,1,700,0,1,59,68,33,,,
4,"
                            Apply and Get Approved with a LOW CREDIT SCORE
                        ",https://www.kijiji.ca/v-apartments-condos/city-of-toronto/apply-and-get-approved-with-a-low-credit-score/1512433087?null&siteLocale=en_CA,", east york M4B 1B6 ON, Canada",Apartment,2055,1,1,43.7009351,-79.2936476,0,1,1,1,1,1,1,700,0,1,52,80,70,,,
5,"
                            RENOVATED JUNCTION TRIANGLE @LANSDOWNE & BLOOR AVAILABLE SEPT 1
                        ",https://www.kijiji.ca/v-apartments-condos/city-of-toronto/renovated-junction-triangle-lansdowne-bloor-available-sept-1/1512433004?null&siteLocale=en_CA,"Sarnia Ave, Toronto, ON M6P, Canada",Apartment,2200,2,1,43.6625738,-79.4478563,1,1,1,1,1,1,0,800,0,1,79,95,84,https://i.ebayimg.com/00/s/ODAwWDYwMA==/z/RcgAAOSwGm5fD61n/$_27.JPG,https://i.ebayimg.com/00/s/ODAwWDYwMA==/z/-tcAAOSwxjtfD61k/$_2.JPG,https://i.ebayimg.com/00/s/ODAwWDYwMA==/z/JoQAAOSwuSxfD61s/$_2.JPG
6,"
                            Renovated one bedroom, King and Dufferin
                        ",https://www.kijiji.ca/v-apartments-condos/city-of-toronto/renovated-one-bedroom-king-and-dufferin/1506948196?null&siteLocale=en_CA,"99 Tyndall Ave, Toronto, ON, M6K 2G2",Apartment,1975,1,1,43.636635,-79.4276516,0,1,1,1,1,0,0,680,0,1,75,89,55,https://i.ebayimg.com/00/s/MTA2N1gxNjAw/z/7OAAAOSwGNtfDXVN/$_27.JPG,https://i.ebayimg.com/00/s/MTA2N1gxNjAw/z/mfEAAOSwrx5fDXVM/$_2.JPG,https://i.ebayimg.com/00/s/MTA2N1gxNjAw/z/Xp0AAOSwbEhfDXVM/$_2.JPG
7,"
                            Applications Approved for Honest Tenants
                        ",https://www.kijiji.ca/v-apartments-condos/city-of-toronto/applications-approved-for-honest-tenants/1512432734?null&siteLocale=en_CA,", east york M3C 1A2 ON, Canada",Apartment,2045,1,1,43.7114093,-79.3222622,0,1,1,1,1,1,1,700,0,1,27,67,23,,,
8,"
                            Yonge_Steeles Furnished Basement Room Central Toronto 24 HR Bus
                        ",https://www.kijiji.ca/v-apartments-condos/city-of-toronto/yonge_steeles-furnished-basement-room-central-toronto-24-hr-bus/1512431486?null&siteLocale=en_CA,", toronto m2m3x9 ON, Canada",Apartment,689,1,1,43.7975635,-79.4196618,1,1,1,1,0,0,0,577,0,1,77,75,50,https://i.ebayimg.com/00/s/NjAwWDgwMA==/z/2k8AAOSw5Y9fD6sq/$_27.JPG,https://i.ebayimg.com/00/s/NjAwWDgwMA==/z/ozAAAOSwfb1fD6sx/$_2.JPG,https://i.ebayimg.com/00/s/NjAwWDgwMA==/z/kNUAAOSwYSlfD6s3/$_2.JPG
9,"
                            Cabbagetown Jr. 1 bedroom - 1 year lease - avail. Sept 1
                        ",https://www.kijiji.ca/v-apartments-condos/city-of-toronto/cabbagetown-jr-1-bedroom-1-year-lease-avail-sept-1/1512429154?null&siteLocale=en_CA,"Homewood Ave, Toronto, ON M4Y 2J8, Canada",Apartment,1300,1,1,43.6631362,-79.3744298,1,1,1,1,0,0,0,350,1,1,93,87,10,https://i.ebayimg.com/00/s/ODAwWDQ1MA==/z/5h4AAOSwuupfD6em/$_27.JPG,https://i.ebayimg.com/00/s/ODAwWDYwMA==/z/JOwAAOSwJ~dfD6ep/$_2.JPG,https://i.ebayimg.com/00/s/ODAwWDYwMA==/z/tMQAAOSwAmNfD6et/$_2.JPG
10,"
                            Tip Top Tailors Building - 2 bedroom Apartment for Rent
                        ",https://www.kijiji.ca/v-apartments-condos/city-of-toronto/tip-top-tailors-building-2-bedroom-apartment-for-rent/1506847614?null&siteLocale=en_CA,"90 Stadium Road, Toronto, ON, M5V 3W5",Apartment,2700,2,1,43.6344756,-79.4015886,0,0,0,1,0,0,1,899,0,0,53,88,98,https://i.ebayimg.com/00/s/MjI1WDMwMA==/z/RjgAAOSwgFxe6IyM/$_27.JPG,https://i.ebayimg.com/00/s/MjI1WDMwMA==/z/Vn4AAOSwfA5e6IyM/$_2.JPG,https://i.ebayimg.com/00/s/MjI1WDMwMA==/z/Qj0AAOSwulde6IyM/$_2.JPG
11,"
                            90 Heath Estates - 1 Bedroom Apartment for Rent
                        ",https://www.kijiji.ca/v-apartments-condos/city-of-toronto/90-heath-estates-1-bedroom-apartment-for-rent/1506847618?null&siteLocale=en_CA,"90 Heath Street West, Toronto, ON, M4V 2C6",Apartment,2100,1,1,43.6897878,-79.3993017,0,1,1,1,1,0,0,746,0,0,66,84,78,https://i.ebayimg.com/00/s/NjcwWDEyMTA=/z/lLIAAOSw2pFe6IyM/$_27.JPG,https://i.ebayimg.com/00/s/NjcwWDEyMTA=/z/wNkAAOSwih5e6IyM/$_2.JPG,https://i.ebayimg.com/00/s/NjcwWDEyMTA=/z/vgEAAOSw-m1e6IyM/$_2.JPG
12,"
                            Large 3 bedroom apartment in the heart of North York
                        ",https://www.kijiji.ca/v-apartments-condos/city-of-toronto/large-3-bedroom-apartment-in-the-heart-of-north-york/1505801393?null&siteLocale=en_CA,"4 Forest Laneway, Toronto, ON, M2N 5X8",Apartment,1825,1,1,43.7626663,-79.4097187,0,1,1,1,0,1,0,700,0,1,91,90,53,https://i.ebayimg.com/00/s/MTA1M1gxNjAw/z/b4IAAOSw4k5e4Xdy/$_27.JPG,https://i.ebayimg.com/00/s/Mzg0WDI1Ng==/z/-eMAAOSwepNe4Xdt/$_2.JPG,https://i.ebayimg.com/00/s/MTIwMFgxNjAw/z/ljwAAOSwRh9e4Xd5/$_2.JPG
13,"
                            ►►► 1 BR Appartment by the lake-Avail. August 1 ►►►
                        ",https://www.kijiji.ca/v-apartments-condos/city-of-toronto/1-br-appartment-by-the-lake-avail-august-1/1512427193?null&siteLocale=en_CA,"Lakeshore Blvd West/ Kipling Ave, Canada",Apartment,1625,1,1,43.5982045,-79.5169695,0,0,0,1,1,0,0,850,0,1,68,65,79,https://i.ebayimg.com/00/s/MTYwMFgxMjAw/z/qF4AAOSwvt1fD6Ti/$_27.JPG,https://i.ebayimg.com/00/s/MTYwMFgxMjAw/z/6hwAAOSw5PhfD6Tl/$_2.JPG,https://i.ebayimg.com/00/s/MTIwMFgxNjAw/z/G3MAAOSwpmZfD6To/$_2.JPG
14,"
                            1 bedroom fully furnished apartment
                        ",https://www.kijiji.ca/v-apartments-condos/city-of-toronto/1-bedroom-fully-furnished-apartment/1512423946?null&siteLocale=en_CA,", Toronto M4Y1N3 ON, Canada",Apartment,1950,1,1,43.668413,-79.3827201,0,0,0,1,1,0,1,550,1,1,98,91,75,https://i.ebayimg.com/00/s/ODAwWDYwMA==/z/fkUAAOSw81tfD6BL/$_27.JPG,https://i.ebayimg.com/00/s/NjAwWDgwMA==/z/kYgAAOSwmThfD6BO/$_2.JPG,https://i.ebayimg.com/00/s/NjAwWDgwMA==/z/vGgAAOSw~OxfD6BR/$_2.JPG
15,"
                            GORGEOUS, RENOVATED-2 BEDROOM UNIT- QUEENSWAY & PARKLAWN!!
                        ",https://www.kijiji.ca/v-apartments-condos/city-of-toronto/gorgeous-renovated-2-bedroom-unit-queensway-parklawn/1512423039?null&siteLocale=en_CA,"23 Cannon Rd, Etobicoke, ON M8Y 1R8, Canada",Apartment,2500,2,1,43.6335838,-79.4874596,0,1,1,1,1,1,0,950,0,1,43,63,75,https://i.ebayimg.com/00/s/NjAwWDgwMA==/z/j6kAAOSwtshfD57o/$_27.JPG,https://i.ebayimg.com/00/s/NDY4WDgwMA==/z/HXcAAOSweyxfD57r/$_2.JPG,https://i.ebayimg.com/00/s/NjAwWDgwMA==/z/s2IAAOSwvAtfD571/$_2.JPG
16,"
                            LITTLE ITALY 2 BDRM BSMT - LARGE OPEN LIV/DIN/KIT, DISHWASHER, L
                        ",https://www.kijiji.ca/v-apartments-condos/city-of-toronto/little-italy-2-bdrm-bsmt-large-open-liv-din-kit-dishwasher-l/1512422620?null&siteLocale=en_CA,"482 Crawford St, Toronto, ON M6G 3J8, Canada",Apartment,1600,2,1,43.6572103,-79.4200643,1,1,1,1,0,0,0,800,0,0,69,85,10,https://i.ebayimg.com/00/s/ODAwWDYwMA==/z/3DEAAOSweRBfD57B/$_27.JPG,https://i.ebayimg.com/00/s/NjAwWDgwMA==/z/gdwAAOSw0n5fD57E/$_2.JPG,https://i.ebayimg.com/00/s/ODAwWDYwMA==/z/5XsAAOSwHU5fD57G/$_2.JPG
17,"
                            LARGE OPEN CONCEPT LOWER UNIT - SEPTEMBER 1ST. LIVING ROOM / DIN
                        ",https://www.kijiji.ca/v-apartments-condos/city-of-toronto/large-open-concept-lower-unit-september-1st-living-room-din/1512422224?null&siteLocale=en_CA,"378 Roxton Rd, Toronto, ON M6G 3R2, Canada",Apartment,2325,3,1,43.6579571,-79.4229828,1,1,1,1,1,0,0,800,0,0,86,86,10,https://i.ebayimg.com/00/s/ODAwWDYwMA==/z/j9sAAOSwmThfD54p/$_27.JPG,https://i.ebayimg.com/00/s/ODAwWDYwMA==/z/xpYAAOSwqa9fD54s/$_2.JPG,https://i.ebayimg.com/00/s/ODAwWDYwMA==/z/t44AAOSwgxhfD54v/$_2.JPG
18,"
                            NEW BACHELOR LARGE LIVING/BDRM, KIT, DISHWASHER, LAUNDRY, YARD
                        ",https://www.kijiji.ca/v-apartments-condos/city-of-toronto/new-bachelor-large-living-bdrm-kit-dishwasher-laundry-yard/1512421066?null&siteLocale=en_CA,"359 Davenport Rd, Toronto, ON M5R 1K5, Canada",Apartment,1350,1,1,43.6752476,-79.4022353,1,1,1,1,1,0,0,500,0,0,91,92,97,https://i.ebayimg.com/00/s/NTk4WDgwMA==/z/0vAAAOSwoLpfD5x0/$_27.JPG,https://i.ebayimg.com/00/s/NTk4WDgwMA==/z/eA8AAOSwZXFfD5x3/$_2.JPG,https://i.ebayimg.com/00/s/NTk4WDgwMA==/z/VVsAAOSwHp1fD5x6/$_2.JPG
19,"
                            Beautiful Corner Unit Apartment, 1 Bed 1 Bath Apartment
                        ",https://www.kijiji.ca/v-apartments-condos/city-of-toronto/beautiful-corner-unit-apartment-1-bed-1-bath-apartment/1512420684?null&siteLocale=en_CA,"150 Sudbury St #1716, M6J3S8, toronto, ON",Apartment,2300,1.5,1,43.6415328,-79.4240715,1,1,1,1,1,0,1,660,0,1,93,98,52,https://i.ebayimg.com/00/s/NTMzWDgwMA==/z/XqQAAOSw94JfD5M1/$_27.JPG,https://i.ebayimg.com/00/s/NjAwWDgwMA==/z/AQ0AAOSwQLBfD5M5/$_2.JPG,https://i.ebayimg.com/00/s/NjAwWDgwMA==/z/K8cAAOSw6EJfD5M8/$_2.JPG
20,"
                            1 BEDROOM TOP FLOOR, LARGE LIVING ROOM, 3 CLOSETS, LAUNDRY, PARK
                        ",https://www.kijiji.ca/v-apartments-condos/city-of-toronto/1-bedroom-top-floor-large-living-room-3-closets-laundry-park/1512420623?null&siteLocale=en_CA,"10 Mt Royal Ave, Toronto, ON M6H 2S3, Canada",Apartment,1720,1,1,43.6749959,-79.4330017,1,1,1,1,0,0,0,600,0,0,60,78,62,https://i.ebayimg.com/00/s/ODAwWDYwMA==/z/VkMAAOSwKDZfD5u7/$_27.JPG,https://i.ebayimg.com/00/s/ODAwWDYwMA==/z/aOcAAOSwWItfD5u-/$_2.JPG,https://i.ebayimg.com/00/s/ODAwWDYwMA==/z/0dQAAOSwj61fD5vB/$_2.JPG
21,"
                            $1350 / 1br - St Clair West 2nd Floor (St Clair & Caledonia)
                        ",https://www.kijiji.ca/v-apartments-condos/city-of-toronto/1350-1br-st-clair-west-2nd-floor-st-clair-caledonia/1512419240?null&siteLocale=en_CA,"31 sir stevens dr St Clair  Caledonia, Toronto M6N1H7  ON, Canada",Apartment,1350,1,1,43.6753001,-79.4552401,1,1,1,0,0,0,0,400,0,1,89,76,71,https://i.ebayimg.com/00/s/NjAwWDgwMA==/z/2v4AAOSwIW1fD5jq/$_27.JPG,https://i.ebayimg.com/00/s/NjAwWDgwMA==/z/KYcAAOSwcPhfD5kx/$_2.JPG,https://i.ebayimg.com/00/s/NjAwWDgwMA==/z/31cAAOSw2XhfD5lu/$_2.JPG
22,"
                            3 Large Rooms Available in House 
                        ",https://www.kijiji.ca/v-apartments-condos/city-of-toronto/3-large-rooms-available-in-house/1512415987?null&siteLocale=en_CA,"M6E4S8, Canada",Apartment,750,3,2,43.6796367,-79.4561492,1,1,1,1,1,0,0,135,0,1,74,75,71,https://i.ebayimg.com/00/s/MTYwMFgxMjAx/z/zswAAOSwPexfD5Uk/$_27.JPG,https://i.ebayimg.com/00/s/MTYwMFgxMjAx/z/J~YAAOSwtX5fD5Up/$_2.JPG,https://i.ebayimg.com/00/s/MTYwMFgxMjAx/z/jekAAOSwaEVfD5Uu/$_2.JPG
0,"
                            Brand New BACHELOR Apartment Will Be Available Sep 1st, 2020
                        ",https://www.kijiji.ca/v-apartments-condos/city-of-toronto/brand-new-bachelor-apartment-will-be-available-sep-1st-2020/1512411715?null&siteLocale=en_CA,"195 Oakridge Dr, Scarborough, ON M1M 2B2, Canada",Apartment,1588,1,1,43.7327459,-79.2304724,1,1,1,1,1,1,0,900,1,0,55,67,60,https://i.ebayimg.com/00/s/NDUwWDgwMA==/z/ZjcAAOSwbxFfD48v/$_27.JPG,https://i.ebayimg.com/00/s/NjAwWDgwMA==/z/fnoAAOSww9RfD485/$_2.JPG,https://i.ebayimg.com/00/s/NjAwWDgwMA==/z/3dgAAOSw21NfD49B/$_2.JPG
1,"
                            INDX - 70 Temperance Street Luxury 2 Bedroom  Bay/Adelaide
                        ",https://www.kijiji.ca/v-apartments-condos/city-of-toronto/indx-70-temperance-street-luxury-2-bedroom-bay-adelaide/1504681587?null&siteLocale=en_CA,"70 Temperance Street, Downtown Toronto Financial District M5H 4E8 ON",Apartment,2300,2,1,43.6505301,-79.3821482,0,1,1,1,1,0,1,649,0,1,98,10,90,https://i.ebayimg.com/00/s/NjIyWDgwMA==/z/ylwAAOSwmExe2Y9S/$_27.JPG,https://i.ebayimg.com/00/s/NTMxWDgwMA==/z/SgwAAOSwjgFe2Y9e/$_2.JPG,https://i.ebayimg.com/00/s/NjQwWDM4OA==/z/LV0AAOSwzode2Y9h/$_2.JPG
2,"
                            Newly renovated 1+den apartment, steps to subway, shopping plaza
                        ",https://www.kijiji.ca/v-apartments-condos/city-of-toronto/newly-renovated-1-den-apartment-steps-to-subway-shopping-plaza/1512406023?null&siteLocale=en_CA,"61 Hallam St,, m6h1w5, Toronto, ON",Apartment,1770,1.5,1,43.6676791,-79.4289385,1,1,1,1,0,0,0,600,0,1,81,82,62,https://i.ebayimg.com/00/s/NTMzWDgwMA==/z/dQQAAOSw~-dfD4Zm/$_27.JPG,https://i.ebayimg.com/00/s/NTMzWDgwMA==/z/uTcAAOSwNpdfD4Zp/$_2.JPG,https://i.ebayimg.com/00/s/ODAwWDUzMg==/z/x6UAAOSwBdBfD4Zr/$_2.JPG
3,"
                            2 Bedroom furnished apart available from August 1, 2020 -85 TPD
                        ",https://www.kijiji.ca/v-apartments-condos/city-of-toronto/2-bedroom-furnished-apart-available-from-august-1-2020-85-tpd/1512404526?null&siteLocale=en_CA,"85 Thorncliffe Park Dr, East York, ON M4H 1L5, Canada",Apartment,2000,2,1,43.7072188,-79.3411575,1,1,1,1,0,1,1,994,1,1,66,67,47,https://i.ebayimg.com/00/s/NTE4WDgwMA==/z/KnQAAOSw8PVfD4Ry/$_27.JPG,https://i.ebayimg.com/00/s/NjE5WDYxOQ==/z/LrMAAOSwHM9fD4R3/$_2.JPG,https://i.ebayimg.com/00/s/NTE4WDgwMA==/z/kwIAAOSwGFRfD4R~/$_2.JPG
4,"
                            2 BR Apartment downtown @ King & Bathurst Utilities included
                        ",https://www.kijiji.ca/v-apartments-condos/city-of-toronto/2-br-apartment-downtown-king-bathurst-utilities-included/1512403863?null&siteLocale=en_CA,"904 Adelaide St W Address Line 2, M6J 3S5, Toronto, ON",Apartment,2100,2,1,43.6430657,-79.4146367,1,1,1,1,0,1,0,800,0,1,90,90,90,https://i.ebayimg.com/00/s/NjAwWDgwMA==/z/naUAAOSwXvZfD4Q8/$_27.JPG,https://i.ebayimg.com/00/s/ODAwWDYwMA==/z/cDcAAOSwge1fD4RB/$_2.JPG,https://i.ebayimg.com/00/s/ODAwWDYwMA==/z/Pe0AAOSwtwxfD4RJ/$_2.JPG
5,"
                            2 Bedroom For Rent - Forest Hill - Renovated - Family-Friendly
                        ",https://www.kijiji.ca/v-apartments-condos/city-of-toronto/2-bedroom-for-rent-forest-hill-renovated-family-friendly/1508850792?null&siteLocale=en_CA,"665 Roselawn Avenue, Toronto, ON, M5N 1L1",Apartment,2309,2,1,43.7053359,-79.4250238,0,1,1,1,1,0,0,952,0,0,70,73,82,https://i.ebayimg.com/00/s/NzY4WDEwMjQ=/z/v0YAAOSw3Ate9zeb/$_27.JPG,https://i.ebayimg.com/00/s/NzY4WDExNTQ=/z/rkQAAOSwIFFe9zeY/$_2.JPG,https://i.ebayimg.com/00/s/NDg2WDY3Ng==/z/M7cAAOSwJ~Je9zeX/$_2.JPG
6,"
                            1 Bedroom Apartment - East York - Renovated - Amazing Views!
                        ",https://www.kijiji.ca/v-apartments-condos/city-of-toronto/1-bedroom-apartment-east-york-renovated-amazing-views/1508850782?null&siteLocale=en_CA,"100 Gowan Avenue, Toronto, ON, M4K 2E2",Apartment,1749,1,1,43.6880023,-79.3507422,0,1,1,1,1,0,0,466,0,0,77,69,60,https://i.ebayimg.com/00/s/NzY4WDExNTA=/z/10cAAOSwdD9e9zeU/$_27.JPG,https://i.ebayimg.com/00/s/NzY4WDExNTA=/z/~5MAAOSwtVde9zeV/$_2.JPG,https://i.ebayimg.com/00/s/NzY4WDExNTI=/z/MSAAAOSwADZe9zeV/$_2.JPG
7,"
                            100 Tyndall Avenue - 2 Bedroom, 1 Bathroom for Rent
                        ",https://www.kijiji.ca/v-apartments-condos/city-of-toronto/100-tyndall-avenue-2-bedroom-1-bathroom-for-rent/1505787743?null&siteLocale=en_CA,"100 Tyndall Avenue, Toronto, ON, M6K 2E2",Apartment,2539,2,1,43.63642,-79.42895,0,1,1,1,0,0,0,850,0,0,67,88,79,https://i.ebayimg.com/00/s/NzY4WDExNTI=/z/KLAAAOSw5VVe7J~f/$_27.JPG,https://i.ebayimg.com/00/s/NzY4WDExNTI=/z/XmIAAOSwD4Je7J~k/$_2.JPG,https://i.ebayimg.com/00/s/NzY4WDExNTI=/z/HxAAAOSwb9Re7J~h/$_2.JPG
8,"
                            31 Spencer Avenue - 1 Bedroom, 1 Bathroom for Rent
                        ",https://www.kijiji.ca/v-apartments-condos/city-of-toronto/31-spencer-avenue-1-bedroom-1-bathroom-for-rent/1508851900?null&siteLocale=en_CA,"31 Spencer Avenue, Toronto, ON, M6K 2J9",Apartment,1629,1,1,43.63509,-79.4292,0,1,1,1,0,0,0,681,0,0,57,88,78,https://i.ebayimg.com/00/s/NzY4WDExNTI=/z/GwYAAOSwaZNe~H3z/$_27.JPG,https://i.ebayimg.com/00/s/NzY4WDExNTI=/z/DQoAAOSwSx9e~H3x/$_2.JPG,https://i.ebayimg.com/00/s/NzY4WDExNTI=/z/qPgAAOSwN1Je~H3z/$_2.JPG
9,"
                            157 & 165 Jameson Avenue - 2 Bedroom, 1 Bathroom for Rent
                        ",https://www.kijiji.ca/v-apartments-condos/city-of-toronto/157-165-jameson-avenue-2-bedroom-1-bathroom-for-rent/1505787806?null&siteLocale=en_CA,"157 Jameson Avenue, Toronto, ON, M6K 2Y4",Apartment,2349,2,1,43.63767,-79.43575,0,1,1,1,0,0,0,918,0,0,87,84,84,https://i.ebayimg.com/00/s/NzY4WDExNTI=/z/UpsAAOSwOkle~H30/$_27.JPG,https://i.ebayimg.com/00/s/NzY4WDExNTI=/z/wAsAAOSwxDBe~H31/$_2.JPG,https://i.ebayimg.com/00/s/NzY4WDExNTI=/z/26YAAOSwuDte~H3x/$_2.JPG
10,"
                            Parkway Forest Towers - 2 Bedroom, 1 Bathroom for Rent
                        ",https://www.kijiji.ca/v-apartments-condos/city-of-toronto/parkway-forest-towers-2-bedroom-1-bathroom-for-rent/1508851088?null&siteLocale=en_CA,"100 Parkway Forest Drive, Toronto, ON, M2J 1L6",Apartment,2309,2,1,43.7732919,-79.3418648,0,1,1,1,0,0,1,940,0,0,58,81,50,https://i.ebayimg.com/00/s/NzAzWDEyNTA=/z/CTAAAOSwMNhe9zgL/$_27.JPG,https://i.ebayimg.com/00/s/NzY4WDEzNjU=/z/5pwAAOSwpl9e9zgR/$_2.JPG,https://i.ebayimg.com/00/s/NzY4WDEzNjU=/z/saIAAOSwCf9e9zgR/$_2.JPG
11,"
                            1 Bedroom For Rent - North York
                        ",https://www.kijiji.ca/v-apartments-condos/city-of-toronto/1-bedroom-for-rent-north-york/1511216091?null&siteLocale=en_CA,"6020 Bathurst Street, Toronto, ON, M2R 1Z8",Apartment,1709,1,1,43.7878919,-79.4477236,0,1,1,1,1,0,1,650,0,0,72,64,56,https://i.ebayimg.com/00/s/NzY4WDExNTA=/z/0lQAAOSwh7RfB3H~/$_27.JPG,https://i.ebayimg.com/00/s/NzY4WDExNTI=/z/MuwAAOSwcQRfB3IC/$_2.JPG,https://i.ebayimg.com/00/s/NzY4WDExNTA=/z/tp0AAOSwFOpfB3IA/$_2.JPG
12,"
                            Broadview Mansions - 0 Bedroom, 1 Bathroom for Rent
                        ",https://www.kijiji.ca/v-apartments-condos/city-of-toronto/broadview-mansions-0-bedroom-1-bathroom-for-rent/1505774801?null&siteLocale=en_CA,"569 Broadview Avenue, Toronto, ON, M4K 2N8",Apartment,1729,1,1,43.6723263,-79.3550919,0,1,1,1,0,0,1,425,0,0,81,95,89,https://i.ebayimg.com/00/s/NzY4WDExNTE=/z/KPMAAOSwDjhfBhke/$_27.JPG,https://i.ebayimg.com/00/s/NzY4WDExNTI=/z/A3EAAOSwo9JfBhkd/$_2.JPG,https://i.ebayimg.com/00/s/NzY4WDExNTI=/z/iekAAOSwwttfBhke/$_2.JPG
13,"
                            Garden View Apartments - 1 Bedroom, 1 Bathroom for Rent
                        ",https://www.kijiji.ca/v-apartments-condos/city-of-toronto/garden-view-apartments-1-bedroom-1-bathroom-for-rent/1508850890?null&siteLocale=en_CA,"321 Sherbourne Street, Toronto, ON, M5A 2S4",Apartment,1729,1,1,43.6618848,-79.3722284,0,1,1,1,1,0,0,603,0,0,93,89,99,https://i.ebayimg.com/00/s/Njk1WDEwNDM=/z/HnMAAOSw0Yxe9ze0/$_27.JPG,https://i.ebayimg.com/00/s/NzY4WDExNTI=/z/FboAAOSwb65e9ze1/$_2.JPG,https://i.ebayimg.com/00/s/NzY4WDExNTI=/z/GtQAAOSwxIVe9ze0/$_2.JPG
14,"
                            31 Spencer Avenue - 2 Bedroom, 1 Bathroom for Rent
                        ",https://www.kijiji.ca/v-apartments-condos/city-of-toronto/31-spencer-avenue-2-bedroom-1-bathroom-for-rent/1505787776?null&siteLocale=en_CA,"31 Spencer Avenue, Toronto, ON, M6K 2J9",Apartment,2509,2,1,43.63509,-79.4292,0,1,1,1,0,0,0,900,0,0,57,88,78,https://i.ebayimg.com/00/s/NzY4WDExNTI=/z/4lEAAOSw3dNe~H3w/$_27.JPG,https://i.ebayimg.com/00/s/NzY4WDExNTI=/z/82MAAOSwbS9e~H3w/$_2.JPG,https://i.ebayimg.com/00/s/NzY4WDExNTI=/z/c7UAAOSwaKZe~H3x/$_2.JPG
15,"
                            41 Dundonald Street - 0 Bedroom, 1 Bathroom for Rent
                        ",https://www.kijiji.ca/v-apartments-condos/city-of-toronto/41-dundonald-street-0-bedroom-1-bathroom-for-rent/1508852006?null&siteLocale=en_CA,"41 Dundonald Street, Toronto, ON, M4Y 1K6",Apartment,1830,1,1,43.666207,-79.3822783,0,1,1,0,0,0,0,399,0,0,98,90,75,https://i.ebayimg.com/00/s/NzY4WDExNTI=/z/HDcAAOSwxIVe9zkn/$_27.JPG,https://i.ebayimg.com/00/s/NzY4WDExNTI=/z/ONIAAOSw7qFe9zkk/$_2.JPG,https://i.ebayimg.com/00/s/NzY4WDExNTI=/z/YPsAAOSwuSZe9zkn/$_2.JPG
16,"
                            157 & 165 Jameson Avenue - 0 Bedroom, 1 Bathroom for Rent
                        ",https://www.kijiji.ca/v-apartments-condos/city-of-toronto/157-165-jameson-avenue-0-bedroom-1-bathroom-for-rent/1505787809?null&siteLocale=en_CA,"157 Jameson Avenue, Toronto, ON, M6K 2Y4",Apartment,1539,1,1,43.63767,-79.43575,0,1,1,1,0,0,0,372,0,0,87,84,84,https://i.ebayimg.com/00/s/NzY4WDExNTI=/z/y-UAAOSwUg5e~H3y/$_27.JPG,https://i.ebayimg.com/00/s/NzY4WDExNTI=/z/jL8AAOSwAX9e~H3z/$_2.JPG,https://i.ebayimg.com/00/s/NzY4WDExNTI=/z/2bwAAOSw8Xpe~H3w/$_2.JPG
17,"
                            Gowan Court - 1 Bedroom, 1 Bathroom for Rent
                        ",https://www.kijiji.ca/v-apartments-condos/city-of-toronto/gowan-court-1-bedroom-1-bathroom-for-rent/1507228135?null&siteLocale=en_CA,"80 Gowan Avenue, Toronto, ON, M4K 2E1",Apartment,1789,1,1,43.6881682,-79.351572,0,1,1,0,0,0,0,410,0,0,77,69,63,https://i.ebayimg.com/00/s/NzY4WDgyOA==/z/7HsAAOSwDNle60iX/$_27.JPG,https://i.ebayimg.com/00/s/NzY4WDExNTA=/z/JQEAAOSwOWBe60iY/$_2.JPG,https://i.ebayimg.com/00/s/NzY4WDExNTI=/z/NpMAAOSwKx9e60iX/$_2.JPG
18,"
                            Upgraded Jr. 1 Bed For Rent w/ In-Suite Laundry-Liberty Village
                        ",https://www.kijiji.ca/v-apartments-condos/city-of-toronto/upgraded-jr-1-bed-for-rent-w-in-suite-laundry-liberty-village/1505774761?null&siteLocale=en_CA,"200 Dufferin Street, Toronto, ON, M6K 1Z4",Apartment,1799,1,1,43.6363313,-79.4263436,0,1,1,1,1,0,1,625,0,0,79,90,78,https://i.ebayimg.com/00/s/MzQwWDUwOQ==/z/Z88AAOSwCdVe4WBi/$_27.JPG,https://i.ebayimg.com/00/s/MzQwWDUwOQ==/z/rX4AAOSw0Kle4WBi/$_2.JPG,https://i.ebayimg.com/00/s/MzQwWDUwOQ==/z/1O0AAOSwDAxe4WBi/$_2.JPG
19,"
                            630 Vesta - 2 Bedroom, 1 Bathroom for Rent
                        ",https://www.kijiji.ca/v-apartments-condos/city-of-toronto/630-vesta-2-bedroom-1-bathroom-for-rent/1511402447?null&siteLocale=en_CA,"630 Vesta Drive, Toronto, ON, M5N 1J1",Apartment,2229,2,1,43.70322,-79.42413,0,1,1,1,0,0,0,842,0,0,81,74,72,https://i.ebayimg.com/00/s/NzY4WDExNTA=/z/bcYAAOSwwX9fCMaH/$_27.JPG,https://i.ebayimg.com/00/s/NzY4WDExNTA=/z/WWsAAOSw-qBfCMaD/$_2.JPG,https://i.ebayimg.com/00/s/NzY4WDExNTA=/z/bR0AAOSwGgZfCMaE/$_2.JPG
20,"
                            Manhattan Towers - 1 Bedroom, 1 Bathroom for Rent
                        ",https://www.kijiji.ca/v-apartments-condos/city-of-toronto/manhattan-towers-1-bedroom-1-bathroom-for-rent/1505746767?null&siteLocale=en_CA,"75 Broadway Avenue, Toronto, ON, M4P 1V1",Apartment,1849,1,1,43.7102168,-79.3947347,0,1,1,1,1,0,1,565,0,0,92,88,57,https://i.ebayimg.com/00/s/MzQwWDUwOQ==/z/EO0AAOSwjVFfBuuo/$_27.JPG,https://i.ebayimg.com/00/s/MzQwWDUwOQ==/z/mFQAAOSwH6xfBuup/$_2.JPG,https://i.ebayimg.com/00/s/NzY4WDExNTQ=/z/b50AAOSwFB9fBuuq/$_2.JPG
21,"
                            Upgraded Bachelor For Rent w/ In-Suite Laundry - Liberty Village
                        ",https://www.kijiji.ca/v-apartments-condos/city-of-toronto/upgraded-bachelor-for-rent-w-in-suite-laundry-liberty-village/1510265487?null&siteLocale=en_CA,"200 Dufferin Street, Toronto, ON, M6K 1Z4",Apartment,1719,1,1,43.6363313,-79.4263436,0,1,1,1,1,0,1,370,0,0,79,90,78,https://i.ebayimg.com/00/s/MzQwWDUwOQ==/z/slYAAOSwqhtfANoj/$_27.JPG,https://i.ebayimg.com/00/s/MzQwWDUwOQ==/z/pKwAAOSwq1tfANoj/$_2.JPG,https://i.ebayimg.com/00/s/MzQwWDUwOQ==/z/6jgAAOSwpABfANoj/$_2.JPG
22,"
                            157 & 165 Jameson Avenue - 1 Bedroom, 1 Bathroom for Rent
                        ",https://www.kijiji.ca/v-apartments-condos/city-of-toronto/157-165-jameson-avenue-1-bedroom-1-bathroom-for-rent/1505787807?null&siteLocale=en_CA,"157 Jameson Avenue, Toronto, ON, M6K 2Y4",Apartment,1749,1,1,43.63767,-79.43575,0,1,1,1,0,0,0,741,0,0,87,84,84,https://i.ebayimg.com/00/s/NzY4WDExNTI=/z/XagAAOSwV3Je~H30/$_27.JPG,https://i.ebayimg.com/00/s/NzY4WDExNTI=/z/R~AAAOSwavZe~H31/$_2.JPG,https://i.ebayimg.com/00/s/NzY4WDExNTI=/z/tK0AAOSwd4pe~H3w/$_2.JPG
23,"
                            Renovated Bachelor | Wellesley Village | with In-Suite Laundry
                        ",https://www.kijiji.ca/v-apartments-condos/city-of-toronto/renovated-bachelor-wellesley-village-with-in-suite-laundry/1505787735?null&siteLocale=en_CA,"85 Wellesley St E, Toronto, ON, M4Y 1H8",Apartment,1569,1,1,43.66567,-79.3799,0,1,1,1,0,0,0,422,0,0,96,91,98,https://i.ebayimg.com/00/s/NzY4WDExNTI=/z/bdIAAOSwIOlfBcuH/$_27.JPG,https://i.ebayimg.com/00/s/NzY4WDExNTI=/z/MAoAAOSwEZdfBcuH/$_2.JPG,https://i.ebayimg.com/00/s/NzY4WDExNTI=/z/iwgAAOSw0aVfBcuH/$_2.JPG
24,"
                            1 Bedroom Apartment - Renovated w/ In-Suite Laundry! Call now!
                        ",https://www.kijiji.ca/v-apartments-condos/city-of-toronto/1-bedroom-apartment-renovated-w-in-suite-laundry-call-now/1508851030?null&siteLocale=en_CA,"161 Wilson Avenue, Toronto, ON, M5M 3A4",Apartment,1969,1,1,43.7399122,-79.4202666,0,1,1,1,1,0,0,629,0,0,63,63,54,https://i.ebayimg.com/00/s/NzY4WDExNTI=/z/WYMAAOSwo8te9zfv/$_27.JPG,https://i.ebayimg.com/00/s/NzY4WDExNTI=/z/6BcAAOSwulde9zfv/$_2.JPG,https://i.ebayimg.com/00/s/NzY4WDExNTI=/z/e14AAOSwXspe9zfz/$_2.JPG
25,"
                            Large 2 Bedroom+Den - 860 Sq Ft. -  Yonge/Wellesley - Call Now
                        ",https://www.kijiji.ca/v-apartments-condos/city-of-toronto/large-2-bedroom-den-860-sq-ft-yonge-wellesley-call-now/1508850797?null&siteLocale=en_CA,"42 Maitland Street, Toronto, ON, M4Y 1C5",Apartment,2049,2,1,43.6646283,-79.3823704,0,1,1,1,0,0,0,686,0,0,98,92,75,https://i.ebayimg.com/00/s/NzY4WDExNjA=/z/ZgUAAOSw~7le9zed/$_27.JPG,https://i.ebayimg.com/00/s/NjY2WDEwMDA=/z/~D4AAOSwJmJe9zeZ/$_2.JPG,https://i.ebayimg.com/00/s/NjY2WDEwMDA=/z/Q3oAAOSwFwRe9zeb/$_2.JPG
0,"
                            2 Bedroom - Eglinton/Dufferin - Quiet Community-Family Friendly
                        ",https://www.kijiji.ca/v-apartments-condos/city-of-toronto/2-bedroom-eglinton-dufferin-quiet-community-family-friendly/1511215931?null&siteLocale=en_CA,"620 Northcliffe Boulevard, Toronto, ON, M6E 3M1",Apartment,2249,2,1,43.6933028,-79.4468724,0,1,1,1,1,0,0,747,0,0,70,80,68,https://i.ebayimg.com/00/s/NzY4WDExNTI=/z/87cAAOSwOMBfB3HY/$_27.JPG,https://i.ebayimg.com/00/s/NzY4WDExNTI=/z/YCEAAOSwpbxfB3HY/$_2.JPG,https://i.ebayimg.com/00/s/NzY4WDExNTI=/z/jh0AAOSwqhtfB3HW/$_2.JPG
1,"
                            85 Wellesley - 2 Bedroom, 1 Bathroom for Rent
                        ",https://www.kijiji.ca/v-apartments-condos/city-of-toronto/85-wellesley-2-bedroom-1-bathroom-for-rent/1505787752?null&siteLocale=en_CA,"85 Wellesley St E, Toronto, ON, M4Y 1H8",Apartment,2559,2,1,43.66567,-79.3799,0,1,1,1,0,0,0,935,0,0,96,91,98,https://i.ebayimg.com/00/s/NzY4WDExNTI=/z/Cx0AAOSwEDde7J~g/$_27.JPG,https://i.ebayimg.com/00/s/NzY4WDc2OA==/z/LUcAAOSwbrNe7J~h/$_2.JPG,https://i.ebayimg.com/00/s/NzY4WDExNTI=/z/qr4AAOSw9~Ne7J~g/$_2.JPG
2,"
                            Bachelor - Upper Beaches! Spacious Upgraded Suites! Call now!
                        ",https://www.kijiji.ca/v-apartments-condos/city-of-toronto/bachelor-upper-beaches-spacious-upgraded-suites-call-now/1511014862?null&siteLocale=en_CA,"600 Kingston Road, Toronto, ON, M4E 1R1",Apartment,1669,1,1,43.6787296,-79.2997244,0,1,1,1,1,0,0,636,0,0,70,83,64,https://i.ebayimg.com/00/s/NDY1WDcwMA==/z/NoIAAOSwkVRfBhks/$_27.JPG,https://i.ebayimg.com/00/s/NDY1WDcwMA==/z/bQ0AAOSwC5NfBhks/$_2.JPG,https://i.ebayimg.com/00/s/NDY1WDcwMA==/z/2FAAAOSww0hfBhks/$_2.JPG
3,"
                            Upgraded Jr. 1 Bed For Rent w/ In-Suite Laundry-Liberty Village
                        ",https://www.kijiji.ca/v-apartments-condos/city-of-toronto/upgraded-jr-1-bed-for-rent-w-in-suite-laundry-liberty-village/1511215957?null&siteLocale=en_CA,"200 Dufferin Street, Toronto, ON, M6K 1Z4",Apartment,1689,1,1,43.6363313,-79.4263436,0,1,1,1,1,0,1,470,0,0,79,90,78,https://i.ebayimg.com/00/s/MzQwWDUwOQ==/z/MA0AAOSwk25fB3He/$_27.JPG,https://i.ebayimg.com/00/s/MzQwWDUwOQ==/z/zb4AAOSwZm1fB3Hd/$_2.JPG,https://i.ebayimg.com/00/s/MzQwWDUwOQ==/z/jBcAAOSwcT1fB3He/$_2.JPG
4,"
                            31 Spencer Avenue - 0 Bedroom, 1 Bathroom for Rent
                        ",https://www.kijiji.ca/v-apartments-condos/city-of-toronto/31-spencer-avenue-0-bedroom-1-bathroom-for-rent/1505787754?null&siteLocale=en_CA,"31 Spencer Avenue, Toronto, ON, M6K 2J9",Apartment,1599,1,1,43.63509,-79.4292,0,1,1,1,0,0,0,399,0,0,57,88,78,https://i.ebayimg.com/00/s/NzY4WDExNTI=/z/OpMAAOSwByVe~H3w/$_27.JPG,https://i.ebayimg.com/00/s/NzY4WDExNTI=/z/nnEAAOSw8nte~H3x/$_2.JPG,https://i.ebayimg.com/00/s/NzY4WDExNTI=/z/soQAAOSwk8te~H3z/$_2.JPG
5,"
                            Bachelor - Eglinton/Dufferin - Quiet Community-Family Friendly
                        ",https://www.kijiji.ca/v-apartments-condos/city-of-toronto/bachelor-eglinton-dufferin-quiet-community-family-friendly/1505774565?null&siteLocale=en_CA,"620 Northcliffe Boulevard, Toronto, ON, M6E 3M1",Apartment,1579,1,1,43.6933028,-79.4468724,0,1,1,1,1,0,0,389,0,0,70,80,68,https://i.ebayimg.com/00/s/NzY4WDExNTI=/z/kS8AAOSw3W9e4WA7/$_27.JPG,https://i.ebayimg.com/00/s/NzY4WDExNTI=/z/P4sAAOSwf3pe4WA-/$_2.JPG,https://i.ebayimg.com/00/s/NzY4WDExNTI=/z/KmIAAOSwL0xe4WA7/$_2.JPG
6,"
                            165 Bathurst - 0 Bedroom, 1 Bathroom for Rent
                        ",https://www.kijiji.ca/v-apartments-condos/city-of-toronto/165-bathurst-0-bedroom-1-bathroom-for-rent/1508850927?null&siteLocale=en_CA,"165 Bathurst Street, Toronto, ON, M5V 3C2",Apartment,1859,1,1,43.6464884,-79.4037141,1,1,1,1,0,0,0,450,0,0,98,96,99,https://i.ebayimg.com/00/s/NzY4WDExNTI=/z/0BsAAOSwXbhe9ze9/$_27.JPG,https://i.ebayimg.com/00/s/NzY4WDExNTI=/z/VdAAAOSwJp1e9ze-/$_2.JPG,https://i.ebayimg.com/00/s/NzY4WDExNTI=/z/C-gAAOSwEQ5e9ze8/$_2.JPG
7,"
                            1 Bedroom - 1 bathroom - Pet Friendly - Davisville
                        ",https://www.kijiji.ca/v-apartments-condos/city-of-toronto/1-bedroom-1-bathroom-pet-friendly-davisville/1508852007?null&siteLocale=en_CA,"125 Lawton Blvd, Toronto, ON, M4V 2A1",Apartment,1985,1,1,43.6944803,-79.3967948,0,1,1,0,0,0,0,606,0,0,86,83,51,https://i.ebayimg.com/00/s/NzY4WDExNTI=/z/rwEAAOSwpLle9zki/$_27.JPG,https://i.ebayimg.com/00/s/NzY4WDExNTI=/z/nSsAAOSwx09e9zko/$_2.JPG,https://i.ebayimg.com/00/s/NzY4WDExNTI=/z/visAAOSwMMxe9zki/$_2.JPG
8,"
                            Manhattan Towers - 0 Bedroom, 1 Bathroom for Rent
                        ",https://www.kijiji.ca/v-apartments-condos/city-of-toronto/manhattan-towers-0-bedroom-1-bathroom-for-rent/1505746770?null&siteLocale=en_CA,"75 Broadway Avenue, Toronto, ON, M4P 1V1",Apartment,1529,1,1,43.7102168,-79.3947347,0,1,1,1,1,0,1,380,0,0,92,88,57,https://i.ebayimg.com/00/s/MzQwWDUwOQ==/z/gBcAAOSwilRfBuup/$_27.JPG,https://i.ebayimg.com/00/s/MzQwWDUwOQ==/z/UUIAAOSw4stfBuup/$_2.JPG,https://i.ebayimg.com/00/s/MzQwWDUwOQ==/z/rvAAAOSwCqJfBuuo/$_2.JPG
9,"
                            1 Bedroom - Eglinton/Dufferin - Quiet Community-Family Friendly
                        ",https://www.kijiji.ca/v-apartments-condos/city-of-toronto/1-bedroom-eglinton-dufferin-quiet-community-family-friendly/1505746756?null&siteLocale=en_CA,"620 Northcliffe Boulevard, Toronto, ON, M6E 3M1",Apartment,1859,1,1,43.6933028,-79.4468724,0,1,1,1,1,0,0,564,0,0,70,80,68,https://i.ebayimg.com/00/s/NzY4WDExNTI=/z/EhsAAOSw3-te4UKI/$_27.JPG,https://i.ebayimg.com/00/s/NzY4WDExNTI=/z/DsYAAOSwHmhe4UKI/$_2.JPG,https://i.ebayimg.com/00/s/NzY4WDExNTI=/z/JW8AAOSwIFJe4UKH/$_2.JPG
10,"
                            Manhattan Towers - 2 Bedroom, 1 Bathroom for Rent
                        ",https://www.kijiji.ca/v-apartments-condos/city-of-toronto/manhattan-towers-2-bedroom-1-bathroom-for-rent/1508850805?null&siteLocale=en_CA,"75 Broadway Avenue, Toronto, ON, M4P 1V1",Apartment,2459,2,1,43.7102168,-79.3947347,0,1,1,1,1,0,1,740,0,0,92,88,57,https://i.ebayimg.com/00/s/MzQwWDUwOQ==/z/pVwAAOSwraRfBuuo/$_27.JPG,https://i.ebayimg.com/00/s/MzQwWDUwOQ==/z/pu4AAOSwgCZfBuup/$_2.JPG,https://i.ebayimg.com/00/s/MzQwWDUwOQ==/z/GJMAAOSwJRtfBuun/$_2.JPG
11,"
                            Bachelor Apartment for Rent - Eglinton/Dufferin/York - Call now!
                        ",https://www.kijiji.ca/v-apartments-condos/city-of-toronto/bachelor-apartment-for-rent-eglinton-dufferin-york-call-now/1505774714?null&siteLocale=en_CA,"65 Dynevor Road, Toronto, ON, M6E 3W8",Apartment,1539,1,1,43.6916686,-79.4495921,0,1,1,0,0,0,0,416,0,0,73,77,59,https://i.ebayimg.com/00/s/NzY4WDExNTQ=/z/ZxoAAOSwo8te4WBY/$_27.JPG,https://i.ebayimg.com/00/s/NzY4WDExNTQ=/z/2eAAAOSwghpe4WBX/$_2.JPG,https://i.ebayimg.com/00/s/NzY4WDExNTQ=/z/2a0AAOSwu51e4WBY/$_2.JPG
12,"
                            1 Bedroom - Upper Beaches! Spacious Upgraded Suites! Call now!
                        ",https://www.kijiji.ca/v-apartments-condos/city-of-toronto/1-bedroom-upper-beaches-spacious-upgraded-suites-call-now/1505747098?null&siteLocale=en_CA,"600 Kingston Road, Toronto, ON, M4E 1R1",Apartment,1879,1,1,43.6787296,-79.2997244,0,1,1,1,1,0,0,738,0,0,70,83,64,https://i.ebayimg.com/00/s/NDY1WDcwMA==/z/F70AAOSw6xZe4ULS/$_27.JPG,https://i.ebayimg.com/00/s/NDY1WDcwMA==/z/5Q0AAOSwVNpe4ULQ/$_2.JPG,https://i.ebayimg.com/00/s/NDY1WDcwMA==/z/CAoAAOSwprte4ULQ/$_2.JPG
13,"
                            Broadview Mansions - 1 Bedroom, 1 Bathroom for Rent
                        ",https://www.kijiji.ca/v-apartments-condos/city-of-toronto/broadview-mansions-1-bedroom-1-bathroom-for-rent/1508850964?null&siteLocale=en_CA,"569 Broadview Avenue, Toronto, ON, M4K 2N8",Apartment,2309,1,1,43.6723263,-79.3550919,0,1,1,1,0,0,1,645,0,0,81,95,89,https://i.ebayimg.com/00/s/NzY4WDExNTI=/z/i64AAOSwGD9e9zfX/$_27.JPG,https://i.ebayimg.com/00/s/NzY4WDExNTE=/z/Kv4AAOSwMQ5e9zfX/$_2.JPG,https://i.ebayimg.com/00/s/NzY4WDExNTI=/z/lGIAAOSwLt5e9zfW/$_2.JPG
14,"
                            Broadview Mansions - 2 Bedroom, 1 Bathroom for Rent
                        ",https://www.kijiji.ca/v-apartments-condos/city-of-toronto/broadview-mansions-2-bedroom-1-bathroom-for-rent/1505774805?null&siteLocale=en_CA,"569 Broadview Avenue, Toronto, ON, M4K 2N8",Apartment,2769,2,1,43.6723263,-79.3550919,0,1,1,1,0,0,1,782,0,0,81,95,89,https://i.ebayimg.com/00/s/NzY4WDExNTI=/z/nXYAAOSwOINe6mmn/$_27.JPG,https://i.ebayimg.com/00/s/NzY4WDExNTE=/z/KIEAAOSwiFhe6mmn/$_2.JPG,https://i.ebayimg.com/00/s/NzY4WDExNTI=/z/bnUAAOSwqShe6mmm/$_2.JPG
15,"
                            Garden View Apartments - 2 Bedroom, 1 Bathroom for Rent
                        ",https://www.kijiji.ca/v-apartments-condos/city-of-toronto/garden-view-apartments-2-bedroom-1-bathroom-for-rent/1508850891?null&siteLocale=en_CA,"321 Sherbourne Street, Toronto, ON, M5A 2S4",Apartment,2269,2,1,43.6618848,-79.3722284,0,1,1,1,1,0,0,800,0,0,93,89,99,https://i.ebayimg.com/00/s/Njk1WDEwNDM=/z/BBIAAOSwVVBe9zex/$_27.JPG,https://i.ebayimg.com/00/s/NzY4WDExNTI=/z/YJUAAOSw5FVe9zex/$_2.JPG,https://i.ebayimg.com/00/s/NzY4WDExNTI=/z/byMAAOSw3hBe9zex/$_2.JPG
16,"
                            Renovated 1 Bedroom | Wellesley Village | In-Suite Laundry
                        ",https://www.kijiji.ca/v-apartments-condos/city-of-toronto/renovated-1-bedroom-wellesley-village-in-suite-laundry/1505787741?null&siteLocale=en_CA,"85 Wellesley St E, Toronto, ON, M4Y 1H8",Apartment,1829,1,1,43.66567,-79.3799,0,1,1,1,0,0,0,551,0,0,96,91,98,https://i.ebayimg.com/00/s/NzY4WDExNTI=/z/gxkAAOSwHLhfBcuI/$_27.JPG,https://i.ebayimg.com/00/s/NzY4WDExNTI=/z/kAEAAOSw1ixfBcuH/$_2.JPG,https://i.ebayimg.com/00/s/NzY4WDExNTI=/z/GQwAAOSwmlFfBcuH/$_2.JPG
17,"
                            1 Bedroom - Yonge/Eglinton - Renovated - Quiet Neighbourhood
                        ",https://www.kijiji.ca/v-apartments-condos/city-of-toronto/1-bedroom-yonge-eglinton-renovated-quiet-neighbourhood/1505746766?null&siteLocale=en_CA,"107 Roselawn Avenue, Toronto, ON, M4R 1E7",Apartment,1899,1,1,43.7101147,-79.4024927,0,1,1,1,0,0,0,692,0,0,90,88,77,https://i.ebayimg.com/00/s/NzY4WDExNTI=/z/tmEAAOSwmI9e60cs/$_27.JPG,https://i.ebayimg.com/00/s/NzY4WDExNTI=/z/rLsAAOSw4yte60cs/$_2.JPG,https://i.ebayimg.com/00/s/NzY4WDExNTI=/z/rKsAAOSwouxe60ct/$_2.JPG
18,"
                            1 Bedroom Apartment For Rent - Eglinton/Dufferin/York - Call now
                        ",https://www.kijiji.ca/v-apartments-condos/city-of-toronto/1-bedroom-apartment-for-rent-eglinton-dufferin-york-call-now/1511215925?null&siteLocale=en_CA,"65 Dynevor Road, Toronto, ON, M6E 3W8",Apartment,1659,1,1,43.6916686,-79.4495921,0,1,1,0,0,0,0,416,0,0,73,77,59,https://i.ebayimg.com/00/s/NzY4WDExNTQ=/z/se0AAOSwxPVfB3HV/$_27.JPG,https://i.ebayimg.com/00/s/NzY4WDExNTQ=/z/2D8AAOSwoH1fB3HV/$_2.JPG,https://i.ebayimg.com/00/s/NzY4WDExNTQ=/z/JEgAAOSweblfB3HV/$_2.JPG
19,"
                            2 Bedroom Apartment - East York - Renovated - Amazing Views!
                        ",https://www.kijiji.ca/v-apartments-condos/city-of-toronto/2-bedroom-apartment-east-york-renovated-amazing-views/1505774493?null&siteLocale=en_CA,"100 Gowan Avenue, Toronto, ON, M4K 2E2",Apartment,2314,2,1,43.6880023,-79.3507422,0,1,1,1,1,0,0,739,0,0,77,69,60,https://i.ebayimg.com/00/s/NzY4WDExNTA=/z/QRYAAOSw8Xpe4WAv/$_27.JPG,https://i.ebayimg.com/00/s/NzY4WDExNTA=/z/t98AAOSw08Fe4WAw/$_2.JPG,https://i.ebayimg.com/00/s/NzY4WDExNTI=/z/2UUAAOSwu19e4WAw/$_2.JPG
20,"
                            Large 1 Bedroom - Downtown - Renovated - On-site Gym!
                        ",https://www.kijiji.ca/v-apartments-condos/city-of-toronto/large-1-bedroom-downtown-renovated-on-site-gym/1511215909?null&siteLocale=en_CA,"392 Sherbourne Street, Toronto, ON, M4X 1K3",Apartment,1609,1,1,43.6637115,-79.3732778,0,1,1,1,1,0,1,468,0,0,93,87,10,https://i.ebayimg.com/00/s/Mjk5WDQ0OA==/z/bHMAAOSwgw9fB3HQ/$_27.JPG,https://i.ebayimg.com/00/s/Mjk5WDQ0OA==/z/MucAAOSwyKBfB3HQ/$_2.JPG,https://i.ebayimg.com/00/s/Mjk5WDQ0OA==/z/0hUAAOSwbkxfB3HQ/$_2.JPG
21,"
                            Bachelor Apartment - East York - Renovated - Amazing Views!
                        ",https://www.kijiji.ca/v-apartments-condos/city-of-toronto/bachelor-apartment-east-york-renovated-amazing-views/1505774490?null&siteLocale=en_CA,"100 Gowan Avenue, Toronto, ON, M4K 2E2",Apartment,1559,1,1,43.6880023,-79.3507422,0,1,1,1,1,0,0,393,0,0,77,69,60,https://i.ebayimg.com/00/s/NzY4WDExNTA=/z/VLoAAOSwFpBe4WAs/$_27.JPG,https://i.ebayimg.com/00/s/NzY4WDExNTA=/z/3a8AAOSwb7te4WAs/$_2.JPG,https://i.ebayimg.com/00/s/NzY4WDExNTI=/z/1rcAAOSw5Bde4WAs/$_2.JPG
22,"
                            1 Bedroom Apartment For Rent - Eglinton/Dufferin/York - Call now
                        ",https://www.kijiji.ca/v-apartments-condos/city-of-toronto/1-bedroom-apartment-for-rent-eglinton-dufferin-york-call-now/1508850778?null&siteLocale=en_CA,"65 Dynevor Road, Toronto, ON, M6E 3W8",Apartment,1649,1,1,43.6916686,-79.4495921,0,1,1,0,0,0,0,600,0,0,73,77,59,https://i.ebayimg.com/00/s/NzY4WDExNTQ=/z/qdgAAOSwLrle9zeU/$_27.JPG,https://i.ebayimg.com/00/s/NzY4WDExNTQ=/z/IskAAOSwOINe9zeU/$_2.JPG,https://i.ebayimg.com/00/s/NzY4WDExNTQ=/z/qnMAAOSwOzpe9zeV/$_2.JPG
23,"
                            $500 MOVE IN CREDIT! -  1 BDRM, Don Mills and York Mills
                        ",https://www.kijiji.ca/v-apartments-condos/city-of-toronto/500-move-in-credit-1-bdrm-don-mills-and-york-mills/1505829022?null&siteLocale=en_CA,"20 Graydon Hall Drive, Toronto, ON, M3A 2Z9",Apartment,1750,1,1,43.7634866,-79.3459836,0,1,0,1,1,0,1,700,0,0,31,59,36,https://i.ebayimg.com/00/s/MTA3MVgxNjAw/z/NqQAAOSwHYFfB2s1/$_27.JPG,https://i.ebayimg.com/00/s/MTA3MVgxNjAw/z/-IMAAOSwywBfB2s0/$_2.JPG,https://i.ebayimg.com/00/s/MTA3MVgxNjAw/z/nC4AAOSw97RfB2s3/$_2.JPG
24,"
                            $500 MOVE IN CREDIT -  2 BDRM, Don Mills and York Mills
                        ",https://www.kijiji.ca/v-apartments-condos/city-of-toronto/500-move-in-credit-2-bdrm-don-mills-and-york-mills/1505829012?null&siteLocale=en_CA,"20 Graydon Hall Drive, Toronto, ON, M3A 2Z9",Apartment,1950,2,1,43.7634866,-79.3459836,0,1,1,1,1,0,1,960,0,0,31,59,36,https://i.ebayimg.com/00/s/MTA3MVgxNjAw/z/VdAAAOSw0DNfB2s3/$_27.JPG,https://i.ebayimg.com/00/s/MTA3MVgxNjAw/z/P7YAAOSwtfVfB2s2/$_2.JPG,https://i.ebayimg.com/00/s/MTA3MVgxNjAw/z/HtMAAOSwQpdfB2s1/$_2.JPG
25,"
                            Renovated one bedroom, Victoria Park and St Clair E
                        ",https://www.kijiji.ca/v-apartments-condos/city-of-toronto/renovated-one-bedroom-victoria-park-and-st-clair-e/1505780634?null&siteLocale=en_CA,"612 Dawes Road, Toronto, ON, M4B 2K3",Apartment,1795,1,1,43.7073605,-79.295972,0,1,1,1,0,0,0,567,0,1,62,71,56,https://i.ebayimg.com/00/s/MTA2N1gxNjAw/z/qnsAAOSwWbFe4WVZ/$_27.JPG,https://i.ebayimg.com/00/s/MTA2N1gxNjAw/z/A1QAAOSwiE9e4WVa/$_2.JPG,https://i.ebayimg.com/00/s/MTA2N1gxNjAw/z/SJcAAOSwCMBe4WVY/$_2.JPG
26,"
                            LANDLORD APPROVING TENANTS WITH LOW CREDIT
                        ",https://www.kijiji.ca/v-apartments-condos/city-of-toronto/landlord-approving-tenants-with-low-credit/1512398574?null&siteLocale=en_CA,", Toronto M6K 2H4 ON, Canada",Apartment,2099,1,1,43.6503916,-79.4342585,0,1,1,1,1,1,1,704,0,1,88,85,96,,,
27,"
                            1 BEDROOM SHARED APARTMENT FOR RENT- $1025
                        ",https://www.kijiji.ca/v-apartments-condos/city-of-toronto/1-bedroom-shared-apartment-for-rent-1025/1512398379?null&siteLocale=en_CA,"25 Richview Rd, Etobicoke, ON M9A 4Y3, Canada",Apartment,1025,1,1,43.6846678,-79.5140157,1,1,1,1,1,1,1,300,0,1,36,68,66,https://i.ebayimg.com/00/s/MTIwMFgxNjAw/z/jtsAAOSwvDJfD30m/$_27.JPG,https://i.ebayimg.com/00/s/MTIwMFgxNjAw/z/qk0AAOSw8MNfD30o/$_2.JPG,https://i.ebayimg.com/00/s/MTIwMFgxNjAw/z/Lo8AAOSw6dZfD30q/$_2.JPG
0,"
                            NEW RENOS, LARGE 1 Bed (North York) Near Hwy 400/401
                        ",https://www.kijiji.ca/v-apartments-condos/city-of-toronto/new-renos-large-1-bed-north-york-near-hwy-400-401/1505795501?null&siteLocale=en_CA,"2801 Jane St., Toronto, ON, M3N 2H8",Apartment,1680,1,1,43.7507087,-79.5149505,0,1,0,1,0,0,0,742,0,1,58,71,54,https://i.ebayimg.com/00/s/MTA2N1gxNjAw/z/iU0AAOSwFwRe4XJa/$_27.JPG,https://i.ebayimg.com/00/s/MTA2N1gxNjAw/z/6OwAAOSwoope4XJY/$_2.JPG,https://i.ebayimg.com/00/s/MTA2N1gxNjAw/z/8JAAAOSw9~xe4XJY/$_2.JPG
0,"
                            2 Bedroom 1 Bath, Large Kitchen (Yonge & Eglinton)
                        ",https://www.kijiji.ca/v-apartments-condos/city-of-toronto/2-bedroom-1-bath-large-kitchen-yonge-eglinton/1509892365?null&siteLocale=en_CA,"88 Erskine Avenue, Toronto, ON, M4P 1Y3",Apartment,2350,2,1,43.7123725,-79.3960472,0,1,1,1,1,0,1,700,0,0,87,85,57,https://i.ebayimg.com/00/s/MTA2N1gxNjAw/z/UyIAAOSwkFpe~i~b/$_27.JPG,https://i.ebayimg.com/00/s/MTA2N1gxNjAw/z/AkwAAOSwR0de~i~b/$_2.JPG,https://i.ebayimg.com/00/s/MTA2N1gxNjAw/z/dOMAAOSwVe1e~i~b/$_2.JPG
0,"
                            2 Bedroom 1 Bath, Large Kitchen (Yonge & Eglinton)
                        ",https://www.kijiji.ca/v-apartments-condos/city-of-toronto/2-bedroom-1-bath-large-kitchen-yonge-eglinton/1509892365?null&siteLocale=en_CA,"88 Erskine Avenue, Toronto, ON, M4P 1Y3",Apartment,2350,2,1,43.7123725,-79.3960472,0,1,1,1,1,0,1,700,0,0,87,85,57,https://i.ebayimg.com/00/s/MTA2N1gxNjAw/z/UyIAAOSwkFpe~i~b/$_27.JPG,https://i.ebayimg.com/00/s/MTA2N1gxNjAw/z/AkwAAOSwR0de~i~b/$_2.JPG,https://i.ebayimg.com/00/s/MTA2N1gxNjAw/z/dOMAAOSwVe1e~i~b/$_2.JPG
0,"
                            FULLY RENOVATED BACHELOR APARTMENT
                        ",https://www.kijiji.ca/v-apartments-condos/city-of-toronto/fully-renovated-bachelor-apartment/1504935977?null&siteLocale=en_CA,"2637 Keele St, North York, ON M6L 2P2, Canada",Apartment,1400,1,1,43.7208096,-79.4802756,0,1,1,1,0,0,0,400,0,0,52,65,47,https://i.ebayimg.com/00/s/NjAwWDgwMA==/z/FPoAAOSwHDVe27QS/$_27.JPG,https://i.ebayimg.com/00/s/NjAwWDgwMA==/z/HX8AAOSw86de27QZ/$_2.JPG,https://i.ebayimg.com/00/s/NjAwWDgwMA==/z/LCgAAOSwxJVe27Qw/$_2.JPG
1,"
                            WE APPROVE GREAT RENTERS WITH LOW CREDIT
                        ",https://www.kijiji.ca/v-apartments-condos/city-of-toronto/we-approve-great-renters-with-low-credit/1512388637?null&siteLocale=en_CA,", York M6C 2N2 ON, Canada",Apartment,2031,1,1,43.6890072,-79.4262569,0,1,1,1,1,1,1,709,1,0,55,81,83,,,
2,"
                            Large 1 Bed 1 Bath : Unit # 1709 Bay & Wellesley
                        ",https://www.kijiji.ca/v-apartments-condos/city-of-toronto/large-1-bed-1-bath-:-unit-1709-bay-wellesley/1505738168?null&siteLocale=en_CA,"925 Bay Street, Toronto, ON, M5S 3L4",Apartment,2175,1,1,43.6641656,-79.3867054,0,1,1,1,1,0,1,519,0,1,98,95,75,https://i.ebayimg.com/00/s/MTUwMFgxMTky/z/~BQAAOSwJLde5JaJ/$_27.JPG,https://i.ebayimg.com/00/s/NjE5WDExMDA=/z/p4YAAOSwgJNe5JaK/$_2.JPG,https://i.ebayimg.com/00/s/NjE5WDExMDA=/z/JbUAAOSwIiVe5JaL/$_2.JPG
3,"
                            Large 1 bedroom + den in Yorkville on Bay St -2105 / 801 sf
                        ",https://www.kijiji.ca/v-apartments-condos/city-of-toronto/large-1-bedroom-den-in-yorkville-on-bay-st-2105-801-sf/1505842131?null&siteLocale=en_CA,"925 Bay Street, Toronto, ON, M5S 3L4",Apartment,2508,1.5,1,43.6641656,-79.3867054,0,1,1,1,1,0,1,801,0,1,98,95,75,https://i.ebayimg.com/00/s/NjgzWDEwMjU=/z/hcYAAOSwYvJe5JaL/$_27.JPG,https://i.ebayimg.com/00/s/NjgzWDEwMjU=/z/kMIAAOSwL0xe5JaL/$_2.JPG,https://i.ebayimg.com/00/s/NjgzWDEwMjU=/z/yzUAAOSwYzVe5JaM/$_2.JPG
4,"
                            Bay & Wellesley: 1405- 1 Bedroom + Den 801 sf
                        ",https://www.kijiji.ca/v-apartments-condos/city-of-toronto/bay-wellesley:-1405-1-bedroom-den-801-sf/1505842124?null&siteLocale=en_CA,"925 Bay Street, Toronto, ON, M5S 3L4",Apartment,2508,1.5,1,43.6641656,-79.3867054,0,1,1,1,1,0,1,801,0,1,98,95,75,https://i.ebayimg.com/00/s/NjgzWDEwMjU=/z/sRcAAOSw21Fe5JaI/$_27.JPG,https://i.ebayimg.com/00/s/NjgzWDEwMjU=/z/sjYAAOSwcN9e5JaK/$_2.JPG,https://i.ebayimg.com/00/s/NjgzWDEwMjU=/z/M0QAAOSwSfVe5JaK/$_2.JPG
5,"
                            Galleria - Two Bedroom Apartment for Rent
                        ",https://www.kijiji.ca/v-apartments-condos/city-of-toronto/galleria-two-bedroom-apartment-for-rent/1505746202?null&siteLocale=en_CA,"77 Finch Avenue East, Toronto, ON, M2N 6H8",Apartment,2460,2,1,43.780286,-79.411615,0,1,1,1,0,0,1,800,0,1,77,99,55,https://i.ebayimg.com/00/s/NjM0WDExMjc=/z/5cAAAOSwSwte8yCN/$_27.PNG,https://i.ebayimg.com/00/s/NTM4WDEwMjQ=/z/JAEAAOSwcNBe8yCI/$_2.JPG,https://i.ebayimg.com/00/s/NzY4WDExNTI=/z/LZ8AAOSwhIRe8yCI/$_2.JPG
6,"
                            Galleria - Two Bedroom Apartment for Rent
                        ",https://www.kijiji.ca/v-apartments-condos/city-of-toronto/galleria-two-bedroom-apartment-for-rent/1505746201?null&siteLocale=en_CA,"77 Finch Avenue East, Toronto, ON, M2N 6H8",Apartment,2495,2,15,43.780286,-79.411615,0,1,1,1,0,0,1,850,0,1,77,99,55,https://i.ebayimg.com/00/s/NjM0WDExMjc=/z/cz0AAOSwXode8yCO/$_27.PNG,https://i.ebayimg.com/00/s/NTM4WDEwMjQ=/z/AZoAAOSwUnhe8yCI/$_2.JPG,https://i.ebayimg.com/00/s/NzY4WDExNTI=/z/ZN0AAOSw161e8yCI/$_2.JPG
7,"
                            Furnished Flat in Core Downtown
                        ",https://www.kijiji.ca/v-apartments-condos/city-of-toronto/furnished-flat-in-core-downtown/1512246081?null&siteLocale=en_CA,"155 Wellesley St E, Toronto, ON M4Y 1J4, Canada",Apartment,1600,1,1,43.6663537,-79.3753739,1,1,1,1,1,0,1,800,1,0,94,88,73,https://i.ebayimg.com/00/s/NTQ2WDgwMA==/z/8RQAAOSw5S5fDmWq/$_27.JPG,https://i.ebayimg.com/00/s/NTM0WDgwMA==/z/nu4AAOSwIzBfDmW6/$_2.JPG,https://i.ebayimg.com/00/s/NTM0WDgwMA==/z/OWkAAOSwyJRfDmXF/$_2.JPG
8,"
                            WE HELP GOOD TENANTS WITH BAD CREDIT
                        ",https://www.kijiji.ca/v-apartments-condos/city-of-toronto/we-help-good-tenants-with-bad-credit/1512385719?null&siteLocale=en_CA,", Oakville L6H 5R9 ON, Canada",Apartment,2080,1,1,43.4848063,-79.6936856,0,1,1,1,1,1,1,718,0,1,67,30,75,,,
9,"
                            WE GUIDE HONEST TENANTS TO WITH LOW CREDIT
                        ",https://www.kijiji.ca/v-apartments-condos/city-of-toronto/we-guide-honest-tenants-to-with-low-credit/1512385174?null&siteLocale=en_CA,", North York M9N 1H3 ON, Canada",Apartment,2076,1,1,43.7019666,-79.5075586,0,1,1,1,1,1,1,715,0,0,76,81,53,,,
10,"
                            SOLID APPLICANTS ACCEPTED WITH LOW CREDIT
                        ",https://www.kijiji.ca/v-apartments-condos/city-of-toronto/solid-applicants-accepted-with-low-credit/1512383891?null&siteLocale=en_CA,", Brampton L6S 3J9 ON, Canada",Apartment,2067,1,1,43.7345054,-79.7459461,0,1,1,1,1,1,1,704,0,1,46,45,64,,,
11,"
                            $1400 / 1br - Luxury, Just Renovated ,Furnished 1-bdr. apt.
                        ",https://www.kijiji.ca/v-apartments-condos/city-of-toronto/1400-1br-luxury-just-renovated-furnished-1-bdr-apt/1512383205?null&siteLocale=en_CA,"Osler St, Toronto, ON M6P 4A2, Canada",Apartment,1400,1,1,43.6665168,-79.4575836,1,1,1,1,0,1,0,500,1,1,68,74,75,https://i.ebayimg.com/00/s/ODAwWDYwMA==/z/a7sAAOSwf~dfD2rh/$_27.JPG,https://i.ebayimg.com/00/s/ODAwWDYwMA==/z/jQAAAOSwGTNfD2ra/$_2.JPG,https://i.ebayimg.com/00/s/ODAwWDYwMA==/z/k0oAAOSwa3tfD2rD/$_2.JPG
12,"
                            Renovated one bedroom,  St Clair West and Vaughan
                        ",https://www.kijiji.ca/v-apartments-condos/city-of-toronto/renovated-one-bedroom-st-clair-west-and-vaughan/1512379690?null&siteLocale=en_CA,"100 Vaughan Road, Toronto, ON, M6C 2M1",Apartment,1800,1,1,43.6837971,-79.4216404,0,1,1,1,0,0,0,580,0,0,86,86,88,http://img.youtube.com/vi/7dsJMHecGO4/0.jpg,https://i.ebayimg.com/00/s/MzAwWDUwMA==/z/wTYAAOSwqLFfD2cK/$_2.JPG,https://i.ebayimg.com/00/s/MTA2N1gxNjAw/z/izoAAOSwFzRfD2cR/$_2.JPG
13,"
                            WE HELP RENTERS WITH LOW CREDIT SCORES
                        ",https://www.kijiji.ca/v-apartments-condos/city-of-toronto/we-help-renters-with-low-credit-scores/1512382230?null&siteLocale=en_CA,", Etobicoke M9W 2X3 ON, Canada",Apartment,2049,1,1,43.7302931,-79.5745671,0,1,1,1,1,1,0,720,0,1,31,55,54,,,
14,"
                            1Br downtown TO available immediately
                        ",https://www.kijiji.ca/v-apartments-condos/city-of-toronto/1br-downtown-to-available-immediately/1512382197?null&siteLocale=en_CA,"2 Elm Grove Ave, Toronto, ON M6K 2J1, Canada",Apartment,1500,1,1,43.6387044,-79.4307301,1,1,1,0,0,0,0,500,0,1,80,88,54,https://i.ebayimg.com/00/s/NjAwWDgwMA==/z/k0gAAOSwkTlfD2nK/$_27.JPG,https://i.ebayimg.com/00/s/ODAwWDYwMA==/z/h7QAAOSwRA9fD2nN/$_2.JPG,https://i.ebayimg.com/00/s/ODAwWDYwMA==/z/Xd8AAOSwjTBfD2nP/$_2.JPG
15,"
                            WE HELP YOU GET APPROVED WITH LOW CREDIT
                        ",https://www.kijiji.ca/v-apartments-condos/city-of-toronto/we-help-you-get-approved-with-low-credit/1512380717?null&siteLocale=en_CA,", Mississauga L5V 2B4 ON, Canada",Apartment,2064,1,1,43.5926423,-79.6727509,0,1,1,1,1,1,1,702,0,1,70,53,61,,,
16,"
                            WE HELP RENTERS WITH POOR CREDIT SCORES
                        ",https://www.kijiji.ca/v-apartments-condos/city-of-toronto/we-help-renters-with-poor-credit-scores/1512379862?null&siteLocale=en_CA,", Scarborough M1J 3L6 ON, Canada",Apartment,2057,1,1,43.745019,-79.2144498,0,1,1,1,1,1,1,710,0,1,71,68,52,,,
17,"
                            Spacious Leslieville 2 Bed Apartment
                        ",https://www.kijiji.ca/v-apartments-condos/city-of-toronto/spacious-leslieville-2-bed-apartment/1512378155?null&siteLocale=en_CA,"Queen St E, Toronto, ON, Canada",Apartment,2499,2,1,43.6615924,-79.3369314,1,1,1,1,1,1,0,799,0,1,84,80,99,https://i.ebayimg.com/00/s/NDgwWDY0MA==/z/MC0AAOSw2MxfD2VU/$_27.JPG,https://i.ebayimg.com/00/s/Mjc1WDQxMw==/z/c2UAAOSwqmdfD2VQ/$_2.JPG,https://i.ebayimg.com/00/s/NjQwWDQ4MA==/z/mn4AAOSw86lfD2VS/$_2.JPG
18,"
                            Upscale 1 Bedroom Suite Yonge & Davisville
                        ",https://www.kijiji.ca/v-apartments-condos/city-of-toronto/upscale-1-bedroom-suite-yonge-davisville/1505977774?null&siteLocale=en_CA,"345 Merton St, Toronto, ON M4S 1B5, Canada",Apartment,1850,1,1,43.6979954,-79.385711,0,1,1,1,1,0,0,800,0,0,76,74,58,https://i.ebayimg.com/00/s/NTYzWDgwMA==/z/35cAAOSw6Spe4l-t/$_27.JPG,https://i.ebayimg.com/00/s/NTMzWDgwMA==/z/aNYAAOSwSz1e4l-4/$_2.JPG,https://i.ebayimg.com/00/s/NTMzWDgwMA==/z/FqsAAOSw9~Ne4l~W/$_2.JPG
0,"
                            Renovated one bedroom for rent in trendy Queen West
                        ",https://www.kijiji.ca/v-apartments-condos/city-of-toronto/renovated-one-bedroom-for-rent-in-trendy-queen-west/1512371641?null&siteLocale=en_CA,"798 Richmond St W, Toronto, ON M6J 3N7, Canada",Apartment,1600,1,1,43.64495,-79.4100191,0,1,1,1,1,0,1,236,0,1,93,92,91,https://i.ebayimg.com/00/s/NTM0WDgwMA==/z/jEsAAOSwL~5fD10-/$_27.JPG,https://i.ebayimg.com/00/s/NTM0WDgwMA==/z/9tMAAOSwwvtfD107/$_2.JPG,https://i.ebayimg.com/00/s/NTM4WDgwMA==/z/OCQAAOSwKWdfD12n/$_2.JPG
1,"
                            1 BEDROOM UNIT DOVERCOURT AND DUPONT
                        ",https://www.kijiji.ca/v-apartments-condos/city-of-toronto/1-bedroom-unit-dovercourt-and-dupont/1512369964?null&siteLocale=en_CA,"1046 DOVERCOURT RD, M6H2X8, toronto, ON",Apartment,1875,1,1,43.668718,-79.4326098,1,1,1,0,0,0,0,600,1,0,81,82,87,https://i.ebayimg.com/00/s/NTMzWDgwMA==/z/-ioAAOSw6EJfD1s7/$_27.JPG,https://i.ebayimg.com/00/s/NTMzWDgwMA==/z/2SkAAOSwZRNfD1tL/$_2.JPG,https://i.ebayimg.com/00/s/NTMzWDgwMA==/z/hrkAAOSwftZfD1uI/$_2.JPG
2,"
                            Modern 2 bedroom apartment steps to Ossington Subway
                        ",https://www.kijiji.ca/v-apartments-condos/city-of-toronto/modern-2-bedroom-apartment-steps-to-ossington-subway/1505830368?null&siteLocale=en_CA,", toronto m6h 2p9 ON, Canada",Apartment,2395,2,1,43.6654544,-79.4280156,0,1,1,1,1,0,0,600,0,1,83,83,93,http://img.youtube.com/vi/SB5oN3tlHL8/0.jpg,https://i.ebayimg.com/00/s/NTM0WDgwMA==/z/4aEAAOSwvDJe4ZXE/$_2.JPG,https://i.ebayimg.com/00/s/NTM0WDgwMA==/z/C2MAAOSwRute4ZXA/$_2.JPG
3,"
                            Renovated one bedroom, St. Clair and Spadina
                        ",https://www.kijiji.ca/v-apartments-condos/city-of-toronto/renovated-one-bedroom-st-clair-and-spadina/1506047708?null&siteLocale=en_CA,"265 Russell Hill Road, Toronto, ON, M4V 2T3",Apartment,1995,1,1,43.685223,-79.4073125,0,1,1,1,0,0,0,591,0,0,57,84,85,https://i.ebayimg.com/00/s/NTE5WDc3Nw==/z/yH0AAOSwpUZe8QFi/$_27.JPG,https://i.ebayimg.com/00/s/NDAzWDUzNw==/z/bpUAAOSwBDle8QFi/$_2.JPG,https://i.ebayimg.com/00/s/NDAzWDUzNw==/z/oswAAOSwztde8QFi/$_2.JPG
4,"
                            Renovated bachelor suite, St. Clair and Spadina
                        ",https://www.kijiji.ca/v-apartments-condos/city-of-toronto/renovated-bachelor-suite-st-clair-and-spadina/1506047713?null&siteLocale=en_CA,"265 Russell Hill Road, Toronto, ON, M4V 2T3",Apartment,1595,1,1,43.685223,-79.4073125,0,1,1,1,0,0,0,350,0,0,57,84,85,,,
5,"
                            Renovated one bedroom, St. Clair and Spadina
                        ",https://www.kijiji.ca/v-apartments-condos/city-of-toronto/renovated-one-bedroom-st-clair-and-spadina/1505841918?null&siteLocale=en_CA,"263 Russell Hill Road, Toronto, ON, M4V 2T4",Apartment,2075,1,1,43.6851103,-79.4071296,0,1,1,1,1,0,0,534,0,1,57,84,85,http://img.youtube.com/vi/7h3IyKIbKfk/0.jpg,https://i.ebayimg.com/00/s/MTA2N1gxNjAw/z/zrkAAOSwnV9e4qbM/$_2.JPG,https://i.ebayimg.com/00/s/MTA2N1gxNjAw/z/PPwAAOSwhe1e4qbL/$_2.JPG
6,"
                            Renovated bachelor suite, Yonge and St. Clair
                        ",https://www.kijiji.ca/v-apartments-condos/city-of-toronto/renovated-bachelor-suite-yonge-and-st-clair/1506236815?null&siteLocale=en_CA,"26 -28 Balmoral Avenue, Toronto, ON, M4V 1J4",Apartment,1395,1,1,43.6859334,-79.3944336,0,1,1,1,0,0,0,272,0,0,89,84,75,,,
7,"
                            Renovated two bedroom, St. Clair and Spadina
                        ",https://www.kijiji.ca/v-apartments-condos/city-of-toronto/renovated-two-bedroom-st-clair-and-spadina/1506048346?null&siteLocale=en_CA,"263 Russell Hill Road, Toronto, ON, M4V 2T4",Apartment,2350,2,1,43.6851103,-79.4071296,0,1,1,1,0,0,0,635,0,1,57,84,85,https://i.ebayimg.com/00/s/MTA2OFgxNjAw/z/qFMAAOSwdTRe4qb~/$_27.JPG,https://i.ebayimg.com/00/s/MTA2OFgxNjAw/z/z7IAAOSwvIJe4qcC/$_2.JPG,https://i.ebayimg.com/00/s/MTA2OFgxNjAw/z/A-4AAOSww0Be4qcC/$_2.JPG
8,"
                            Renovated bachelor suite, St. Clair and Spadina
                        ",https://www.kijiji.ca/v-apartments-condos/city-of-toronto/renovated-bachelor-suite-st-clair-and-spadina/1506048347?null&siteLocale=en_CA,"263 Russell Hill Road, Toronto, ON, M4V 2T4",Apartment,1495,1,1,43.6851103,-79.4071296,0,1,1,1,0,0,0,218,0,0,57,84,85,https://i.ebayimg.com/00/s/MTA2OFgxNjAw/z/lQEAAOSwtVpe4qcC/$_27.JPG,https://i.ebayimg.com/00/s/MTYwMFgxMDY3/z/bAoAAOSwHkRe4qb~/$_2.JPG,https://i.ebayimg.com/00/s/MTYwMFgxMDY3/z/ZpQAAOSweLZe4qcC/$_2.JPG
9,"
                            Renovated Bachelor in trendy Queen West
                        ",https://www.kijiji.ca/v-apartments-condos/city-of-toronto/renovated-bachelor-in-trendy-queen-west/1512365420?null&siteLocale=en_CA,"798 Richmond St W, Toronto, ON M6J 3N7, Canada",Apartment,1200,1,1,43.64495,-79.4100191,0,1,1,1,1,0,1,236,0,1,93,92,91,https://i.ebayimg.com/00/s/NTM0WDgwMA==/z/GY0AAOSw-7dfD1a9/$_27.JPG,https://i.ebayimg.com/00/s/NTM0WDgwMA==/z/2YcAAOSwfs9fD1a~/$_2.JPG,https://i.ebayimg.com/00/s/NTM0WDgwMA==/z/UsoAAOSwaphfD1a6/$_2.JPG
10,"
                            JULY FREE! Basement Downtown (Treadmill, Laundry, Queen Bed)
                        ",https://www.kijiji.ca/v-apartments-condos/city-of-toronto/july-free-basement-downtown-treadmill-laundry-queen-bed/1512362708?null&siteLocale=en_CA,"357 Berkeley St, Toronto, ON M5A 2X6, Canada",Apartment,1390,1,1,43.6616824,-79.3682454,1,1,1,1,0,0,0,100,1,1,92,88,10,https://i.ebayimg.com/00/s/ODAwWDQ0OA==/z/XkYAAOSwugtfD1PQ/$_27.JPG,https://i.ebayimg.com/00/s/ODAwWDQ0OA==/z/ko0AAOSwsA9fD1PY/$_2.JPG,https://i.ebayimg.com/00/s/ODAwWDQ0OA==/z/zn0AAOSwTR1fD1PN/$_2.JPG
0,"
                            Upscale 2 Bedroom Suite Yonge & Davisville
                        ",https://www.kijiji.ca/v-apartments-condos/city-of-toronto/upscale-2-bedroom-suite-yonge-davisville/1501096296?null&siteLocale=en_CA,"345 Merton St, Toronto, ON M4S 1B5, Canada",Apartment,2200,2,15,43.6979954,-79.385711,0,1,1,1,1,0,0,900,0,1,76,74,58,https://i.ebayimg.com/00/s/NTYzWDgwMA==/z/HAsAAOSwR-tevuGY/$_27.JPG,https://i.ebayimg.com/00/s/NTMzWDgwMA==/z/FtcAAOSwLrRevuGm/$_2.JPG,https://i.ebayimg.com/00/s/NTMzWDgwMA==/z/SogAAOSwkB9evuGz/$_2.JPG
1,"
                            1 bed,2 bath apartment for rent in scarbourogh bluffs!!!!
                        ",https://www.kijiji.ca/v-apartments-condos/city-of-toronto/1-bed-2-bath-apartment-for-rent-in-scarbourogh-bluffs/1512361955?null&siteLocale=en_CA,"100 King St W, Toronto, ON M5X 1A9, Canada",Apartment,1850,1.5,2,43.6486362,-79.3817439,0,0,1,1,1,1,0,780,0,1,98,10,88,https://i.ebayimg.com/00/s/ODAwWDM4MQ==/z/SfUAAOSwRaNfD1Ke/$_27.JPG,https://i.ebayimg.com/00/s/ODAwWDM4MQ==/z/nyIAAOSwk6RfD1Ki/$_2.JPG,https://i.ebayimg.com/00/s/MzgxWDgwMA==/z/oW8AAOSw8C9fD1Kn/$_2.JPG
2,"
                            BEAUTIFULLY RENOVATED 2 BEDROOM APARTMENT
                        ",https://www.kijiji.ca/v-apartments-condos/city-of-toronto/beautifully-renovated-2-bedroom-apartment/1512360751?null&siteLocale=en_CA,"125 Dunn Avenue, M6K 2R8, Toronto, ON",Apartment,2350,2,1,43.6355514,-79.4322106,0,1,1,1,1,0,0,825,0,1,66,85,58,,,
3,"
                            Upscale 1 Bedroom at Leith Hill
                        ",https://www.kijiji.ca/v-apartments-condos/city-of-toronto/upscale-1-bedroom-at-leith-hill/1501075605?null&siteLocale=en_CA,"25 Leith Hill Rd, North York, ON M2J 5C5, Canada",Apartment,1699,1,1,43.7767335,-79.3498487,0,1,1,1,1,0,0,700,0,1,60,80,49,https://i.ebayimg.com/00/s/NTMzWDgwMA==/z/FSEAAOSwvKBevsgK/$_27.JPG,https://i.ebayimg.com/00/s/NTMzWDgwMA==/z/QOgAAOSwOyNevsfv/$_2.JPG,https://i.ebayimg.com/00/s/NTMzWDgwMA==/z/PAgAAOSwuVdevsf7/$_2.JPG
4,"
                            Luxury Jr. 1 Bedroom King St W & Dufferin
                        ",https://www.kijiji.ca/v-apartments-condos/city-of-toronto/luxury-jr-1-bedroom-king-st-w-dufferin/1501099499?null&siteLocale=en_CA,"1251 King St W, Toronto, ON M6K 1G7, Canada",Apartment,1639,1,1,43.6382063,-79.4296423,0,1,1,1,1,1,0,549,0,1,80,89,53,https://i.ebayimg.com/00/s/NTMzWDgwMA==/z/kJgAAOSwua1evuUR/$_27.JPG,https://i.ebayimg.com/00/s/NTMzWDgwMA==/z/1JUAAOSwx0levuYC/$_2.JPG,https://i.ebayimg.com/00/s/NTMzWDgwMA==/z/vWQAAOSwuQdevuVQ/$_2.JPG
5,"
                            1BR+Den 1WR New Condo/Apt.4 Rent,Queens Quay/Lwr Jarvis TORONTO.
                        ",https://www.kijiji.ca/v-apartments-condos/city-of-toronto/1br-den-1wr-new-condo-apt-4-rent-queens-quay-lwr-jarvis-toronto/1512357806?null&siteLocale=en_CA,"Richardson St, Toronto, ON M5A, Canada",Apartment,2450,1.5,1,43.6450491,-79.3682778,0,0,0,1,1,0,1,700,0,1,89,10,98,,,
6,"
                            2 Bed / 1 Bath - Jane and Eglinton
                        ",https://www.kijiji.ca/v-apartments-condos/city-of-toronto/2-bed-1-bath-jane-and-eglinton/1512354945?null&siteLocale=en_CA,", M6M 2B5, Toronto, ON",Apartment,1700,2,1,43.6887862,-79.4996513,0,1,1,1,0,0,0,750,0,0,48,74,45,https://i.ebayimg.com/00/s/MzgwWDY0OQ==/z/x3EAAOSwA75fD0n8/$_27.JPG,https://i.ebayimg.com/00/s/NDUwWDgwMA==/z/6msAAOSwZR1fD0oE/$_2.JPG,https://i.ebayimg.com/00/s/ODAwWDQ1MA==/z/b6cAAOSwTKZfD0oK/$_2.JPG
7,"
                            Spacious Downtown Studio Apartment For Rent
                        ",https://www.kijiji.ca/v-apartments-condos/city-of-toronto/spacious-downtown-studio-apartment-for-rent/1512354234?null&siteLocale=en_CA,"262 Jarvis St, Toronto, ON M5B 2B9, Canada",Apartment,1600,1,1,43.6596658,-79.3759898,1,1,1,1,0,0,0,700,1,1,94,95,99,https://i.ebayimg.com/00/s/ODAwWDYwMA==/z/W4QAAOSwvDJfD0lp/$_27.JPG,https://i.ebayimg.com/00/s/NjAwWDgwMA==/z/mxoAAOSwPmhfD0mI/$_2.JPG,https://i.ebayimg.com/00/s/ODAwWDYwMA==/z/pHwAAOSwPaFfD0lA/$_2.JPG
8,"
                            Fully Furnished Bachelor Unit For Sublease - Avenue & St. Clair
                        ",https://www.kijiji.ca/v-apartments-condos/city-of-toronto/fully-furnished-bachelor-unit-for-sublease-avenue-st-clair/1512353258?null&siteLocale=en_CA,"Warren Rd, Toronto, ON M4V, Canada",Apartment,1450,1,1,43.6853812,-79.4067963,0,1,1,1,1,0,0,400,1,1,72,84,62,https://i.ebayimg.com/00/s/Mzg5WDgwMA==/z/U1AAAOSwrI5fD0hl/$_27.JPG,https://i.ebayimg.com/00/s/Mzg5WDgwMA==/z/zsUAAOSwfPlfD0ho/$_2.JPG,https://i.ebayimg.com/00/s/NjAwWDgwMA==/z/Ea8AAOSwmuVfD0h4/$_2.JPG
9,"
                            Yonge & St.Clair Luxury 1 Bedroom (Air Conditioned)
                        ",https://www.kijiji.ca/v-apartments-condos/city-of-toronto/yonge-st-clair-luxury-1-bedroom-air-conditioned/1490618378?null&siteLocale=en_CA,"60 Pleasant Blvd, Toronto, ON M4T 1K1, Canada",Apartment,1849,1,1,43.6877962,-79.3914731,0,1,1,1,1,0,1,650,0,1,88,85,76,https://i.ebayimg.com/00/s/NDgwWDcyMA==/z/J58AAOSwzCFeXr4U/$_27.JPG,https://i.ebayimg.com/00/s/NTMzWDgwMA==/z/rLYAAOSwOL9eXr4w/$_2.JPG,https://i.ebayimg.com/00/s/NTMzWDgwMA==/z/RfkAAOSwnqxfD0ZV/$_2.JPG
10,"
                            South Facing 1+1 Bed, 2 Bath for Rent! Den can be 2nd Bedroom
                        ",https://www.kijiji.ca/v-apartments-condos/city-of-toronto/south-facing-1-1-bed-2-bath-for-rent-den-can-be-2nd-bedroom/1512344622?null&siteLocale=en_CA,"One Bloor, 1 Bloor St E, Toronto, ON M4W 1A9, Canada",Apartment,2600,1.5,2,43.6697472,-79.3858871,0,1,1,1,1,0,1,740,0,1,98,92,92,https://i.ebayimg.com/00/s/MzgyWDQ1Nw==/z/dzIAAOSw6v5fDz5j/$_27.JPG,https://i.ebayimg.com/00/s/NDI1WDUzMg==/z/-dEAAOSw0LJfDz5k/$_2.JPG,https://i.ebayimg.com/00/s/NDQ5WDgwMA==/z/u~MAAOSwA75fDz5m/$_2.JPG
0,"
                            Shared Room on rent
                        ",https://www.kijiji.ca/v-apartments-condos/city-of-toronto/shared-room-on-rent/1512339520?null&siteLocale=en_CA,"6000 Yonge St, North York, ON M2M 3W1, Canada",Apartment,500,1,1,43.7877792,-79.4186401,0,0,1,1,0,0,0,700,1,0,78,90,54,https://i.ebayimg.com/00/s/NjAwWDgwMA==/z/YlkAAOSwOBpfDzgO/$_27.JPG,https://i.ebayimg.com/00/s/NjAwWDgwMA==/z/~MoAAOSwuwJfDzga/$_2.JPG,https://i.ebayimg.com/00/s/ODAwWDYwMA==/z/wVUAAOSwja1fDzgw/$_2.JPG
1,"
                            Spacious & Bright Luxury Studio Suite! Great Size!
                        ",https://www.kijiji.ca/v-apartments-condos/city-of-toronto/spacious-bright-luxury-studio-suite-great-size/1511322570?null&siteLocale=en_CA,"310 & 320 Tweedsmuir Ave, Toronto, ON, M5P 2Y2",Apartment,2220,1,1,43.6858938,-79.4145591,0,1,1,1,0,0,1,572,0,1,84,85,56,https://i.ebayimg.com/00/s/NjE5WDExMDA=/z/RKIAAOSwv2JfCGOa/$_27.JPG,https://i.ebayimg.com/00/s/MTYwMFgxMjAw/z/aUQAAOSw1H1fCGOa/$_2.JPG,https://i.ebayimg.com/00/s/MTYwMFgxMjAw/z/L-QAAOSwsbtfCGOf/$_2.JPG
2,"
                            AUG 1ST 1 BED 1 BATH Modern Apartment
                        ",https://www.kijiji.ca/v-apartments-condos/city-of-toronto/aug-1st-1-bed-1-bath-modern-apartment/1512338606?null&siteLocale=en_CA,"6151 Bathurst St, North York, ON M2R 1Z4, Canada",Apartment,1995,1,1,43.7880761,-79.4459957,1,1,1,1,1,0,0,775,0,1,73,64,55,https://i.ebayimg.com/00/s/Njg3WDgwMA==/z/yqYAAOSwtEpfDzdt/$_27.JPG,https://i.ebayimg.com/00/s/NTMzWDgwMA==/z/kgoAAOSwLF1fDzdz/$_2.JPG,https://i.ebayimg.com/00/s/MzAwWDgwMA==/z/~c4AAOSwlNxfDzd1/$_2.JPG
3,"
                            Renovated one bedroom St Clair West and Christie
                        ",https://www.kijiji.ca/v-apartments-condos/city-of-toronto/renovated-one-bedroom-st-clair-west-and-christie/1511311969?null&siteLocale=en_CA,"143-145 Arlington Avenue, Toronto, ON, M6C 2Z3",Apartment,1850,1,1,43.681852,-79.429,0,1,1,1,0,0,0,478,0,1,87,83,82,https://i.ebayimg.com/00/s/MzAwWDUwMA==/z/hvIAAOSw5r9fCE7z/$_27.JPG,https://i.ebayimg.com/00/s/MTA2N1gxNjAw/z/hL4AAOSwsUZfCE75/$_2.JPG,https://i.ebayimg.com/00/s/MTA2N1gxNjAw/z/0VIAAOSw1ixfCE76/$_2.JPG
4,"
                            1577 Lawrence Avenue West - 1 Bedroom, 1 Bathroom for Rent
                        ",https://www.kijiji.ca/v-apartments-condos/city-of-toronto/1577-lawrence-avenue-west-1-bedroom-1-bathroom-for-rent/1512074771?null&siteLocale=en_CA,"1577 Lawrence Ave W, Toronto, ON, M6L 1C4",Apartment,1629,1,1,43.7056423,-79.4895119,0,1,1,1,1,0,0,742,0,0,46,71,44,https://i.ebayimg.com/00/s/NzY4WDExNTI=/z/19sAAOSwQpJfDXW2/$_27.JPG,https://i.ebayimg.com/00/s/NzY4WDExNTI=/z/1OIAAOSwCyRfDXW3/$_2.JPG,https://i.ebayimg.com/00/s/NzY4WDExNTI=/z/X08AAOSw5r9fDXW2/$_2.JPG
5,"
                            Small Cozy FURNISHED ROOM BACHELOR - Ossington sbw & Bloor st
                        ",https://www.kijiji.ca/v-apartments-condos/city-of-toronto/small-cozy-furnished-room-bachelor-ossington-sbw-bloor-st/1512335318?null&siteLocale=en_CA,", Toronto M6G 3V1 ON, Canada",Apartment,1250,1,1,43.6650922,-79.4273121,1,1,1,1,0,0,0,270,1,1,83,83,93,https://i.ebayimg.com/00/s/NjAwWDgwMA==/z/7SkAAOSwULNfDzO8/$_27.JPG,https://i.ebayimg.com/00/s/NjAwWDgwMA==/z/qYIAAOSwO7RfDzO~/$_2.JPG,https://i.ebayimg.com/00/s/NjAwWDgwMA==/z/OnEAAOSw-L5fDzPC/$_2.JPG
6,"
                            Beautiful!! 400 WELLINGTON 2 BEDROOM FOR RENT!!!! W PARKING
                        ",https://www.kijiji.ca/v-apartments-condos/city-of-toronto/beautiful-400-wellington-2-bedroom-for-rent-w-parking/1512333263?null&siteLocale=en_CA,"400 Wellington St W, Toronto, ON M5J 2N7, Canada",Apartment,3300,2,2,43.6441146,-79.3959355,0,0,0,1,1,1,1,887,0,1,95,10,95,https://i.ebayimg.com/00/s/NTk4WDgwMA==/z/JzIAAOSwN41fDzEb/$_27.JPG,https://i.ebayimg.com/00/s/NjAxWDgwMA==/z/7RgAAOSwsnhfDzEu/$_2.JPG,https://i.ebayimg.com/00/s/NTgxWDgwMA==/z/0yMAAOSwK-NfDzE9/$_2.JPG
7,"
                            Renovated two bedroom, Marlee and Glencairn
                        ",https://www.kijiji.ca/v-apartments-condos/city-of-toronto/renovated-two-bedroom-marlee-and-glencairn/1505784127?null&siteLocale=en_CA,"457 Marlee Avenue, Toronto, ON, M6B 3L2",Apartment,2350,2,1,43.7079671,-79.4431137,0,1,1,1,1,0,0,730,0,1,63,81,75,http://img.youtube.com/vi/O5iGA7QfEFM/0.jpg,https://i.ebayimg.com/00/s/MzAwWDUwMA==/z/TjMAAOSwZUle4Wh7/$_2.JPG,https://i.ebayimg.com/00/s/MTA2N1gxNjAw/z/7n0AAOSwq0Ve4WiE/$_2.JPG
8,"
                            Renovated two bedroom, Bathurst and St Clair West
                        ",https://www.kijiji.ca/v-apartments-condos/city-of-toronto/renovated-two-bedroom-bathurst-and-st-clair-west/1505796616?null&siteLocale=en_CA,"1510 Bathurst Street, Toronto, ON, M5P 3H3",Apartment,2200,2,1,43.6845369,-79.4192347,0,1,1,1,0,0,0,730,0,1,89,85,61,https://i.ebayimg.com/00/s/MzAwWDUwMA==/z/Ft0AAOSwmf5e4XN1/$_27.JPG,https://i.ebayimg.com/00/s/NDAyWDYwMA==/z/PSgAAOSw7vVe4XN1/$_2.JPG,https://i.ebayimg.com/00/s/NDY1WDYwMA==/z/OgMAAOSwsype4XN1/$_2.JPG
9,"
                            Renovated two bedroom, Vaughan and St Clair West
                        ",https://www.kijiji.ca/v-apartments-condos/city-of-toronto/renovated-two-bedroom-vaughan-and-st-clair-west/1505790363?null&siteLocale=en_CA,"100 Vaughan Road, Toronto, ON, M6C 2M1",Apartment,2200,2,1,43.6837971,-79.4216404,0,1,1,1,0,0,0,735,0,0,86,86,88,http://img.youtube.com/vi/MBLiR7FPmlY/0.jpg,https://i.ebayimg.com/00/s/MzAwWDUwMA==/z/sPwAAOSwvedfD2cI/$_2.JPG,https://i.ebayimg.com/00/s/MTA2N1gxNjAw/z/DC4AAOSwhC9fD2cS/$_2.JPG
10,"
                            Renovated one bedrooms, St Clair West and Vaughan
                        ",https://www.kijiji.ca/v-apartments-condos/city-of-toronto/renovated-one-bedrooms-st-clair-west-and-vaughan/1505790361?null&siteLocale=en_CA,"100 Vaughan Road, Toronto, ON, M6C 2M1",Apartment,1750,1,1,43.6837971,-79.4216404,0,1,1,1,0,0,0,548,0,0,86,86,88,http://img.youtube.com/vi/A3Gqy5i6LV4/0.jpg,https://i.ebayimg.com/00/s/MzAwWDUwMA==/z/Pt4AAOSwK2hfD2cI/$_2.JPG,https://i.ebayimg.com/00/s/MTA2N1gxNjAw/z/FHcAAOSw~PNfD2cS/$_2.JPG
11,"
                            Looking for 1 bedroom to rent in near Donmills Subway Station
                        ",https://www.kijiji.ca/v-apartments-condos/city-of-toronto/looking-for-1-bedroom-to-rent-in-near-donmills-subway-station/1512328067?null&siteLocale=en_CA,"Esterbrooke Ave, North York, ON M2J 2C4, Canada",Apartment,1150,2,1,43.7789643,-79.3497507,1,1,1,1,1,0,1,300,1,0,72,79,56,,,
12,"
                            Newly renovated 3BR apartment
                        ",https://www.kijiji.ca/v-apartments-condos/city-of-toronto/newly-renovated-3br-apartment/1512327527?null&siteLocale=en_CA,"549 McRoberts Ave, York, ON M6E 4R5, Canada",Apartment,2250,3,15,43.6898504,-79.4594725,1,1,1,1,1,0,0,900,0,1,58,69,38,https://i.ebayimg.com/00/s/NjAwWDgwMA==/z/7L0AAOSwstxfDyst/$_27.JPG,https://i.ebayimg.com/00/s/NjAwWDgwMA==/z/dZgAAOSwvedfDysx/$_2.JPG,https://i.ebayimg.com/00/s/NjAwWDgwMA==/z/GkcAAOSwppJfDys0/$_2.JPG
13,"
                            2 Bedroom + 2 Full Bathroom Unit (Ossington & College/Bloor)
                        ",https://www.kijiji.ca/v-apartments-condos/city-of-toronto/2-bedroom-2-full-bathroom-unit-ossington-college-bloor/1512327502?null&siteLocale=en_CA,"461 Ossington Ave, Toronto, ON M6G 3T3, Canada",Apartment,2000,2,2,43.6550537,-79.4226472,1,1,1,1,0,0,0,850,0,1,91,84,96,https://i.ebayimg.com/00/s/NjA1WDgwMA==/z/4F8AAOSwqaRfDyq8/$_27.JPG,https://i.ebayimg.com/00/s/NjAwWDgwMA==/z/66gAAOSw9U1fDyrM/$_2.JPG,https://i.ebayimg.com/00/s/NjAwWDgwMA==/z/JmkAAOSwMmRfDyrZ/$_2.JPG
14,"
                            One Bedroom apartment St Clair and Runnymede, Sept 1
                        ",https://www.kijiji.ca/v-apartments-condos/city-of-toronto/one-bedroom-apartment-st-clair-and-runnymede-sept-1/1512324844?null&siteLocale=en_CA,"53 Castleton Ave, Toronto M6N 3Z7 ON",Apartment,1950,1,1,43.6706752,-79.4863991,1,1,1,1,1,1,0,800,0,1,57,69,71,https://i.ebayimg.com/00/s/Nzg5WDgwMA==/z/WocAAOSwGthfDxWR/$_27.JPG,https://i.ebayimg.com/00/s/Mjk2WDU1OA==/z/LVsAAOSwXvZfDxU7/$_2.JPG,https://i.ebayimg.com/00/s/MzAwWDU1Mg==/z/VBoAAOSwylVfDxU4/$_2.JPG
0,"
                            2 bdrm Penthouse, + terrace- Fashion District
                        ",https://www.kijiji.ca/v-apartments-condos/city-of-toronto/2-bdrm-penthouse-terrace-fashion-district/1506049561?null&siteLocale=en_CA,"50 Portland St, Toronto, ON, M5V 2M7",Apartment,3300,2,1,43.6432618,-79.3998572,0,1,1,1,1,0,1,858,0,1,97,10,66,https://i.ebayimg.com/00/s/NDgwWDY0MA==/z/IHEAAOSw84xe4-Af/$_27.JPG,https://i.ebayimg.com/00/s/NjQwWDQ4MA==/z/oVEAAOSwnJJe4-Ag/$_2.JPG,https://i.ebayimg.com/00/s/NjQwWDQ4MA==/z/UqYAAOSwuDte4-Af/$_2.JPG
1,"
                            2 bdrm in the heart of King West
                        ",https://www.kijiji.ca/v-apartments-condos/city-of-toronto/2-bdrm-in-the-heart-of-king-west/1507686146?null&siteLocale=en_CA,"50 Portland St, Toronto, ON, M5V 2M7",Apartment,2690,2,1,43.6432618,-79.3998572,0,1,1,1,0,0,1,747,0,1,97,10,66,https://i.ebayimg.com/00/s/MTYwMFgxMjgw/z/P-QAAOSw1Exe7nTd/$_27.JPG,https://i.ebayimg.com/00/s/NjQwWDQ4MA==/z/IrcAAOSwIOhe7nTa/$_2.JPG,https://i.ebayimg.com/00/s/MTAwMlgxNTAw/z/o6AAAOSwCgRe7nTY/$_2.JPG
2,"
                            Downtown- 1 bedroom + den + dining room
                        ",https://www.kijiji.ca/v-apartments-condos/city-of-toronto/downtown-1-bedroom-den-dining-room/1505801160?null&siteLocale=en_CA,"50 Portland St, Toronto, ON, M5V 2M7",Apartment,2625,1.5,1,43.6432618,-79.3998572,0,1,0,1,0,0,1,726,0,1,97,10,66,https://i.ebayimg.com/00/s/NjgzWDEwMjU=/z/GEIAAOSwYApe4-Ah/$_27.JPG,https://i.ebayimg.com/00/s/MTYwMFgxMjAw/z/yyoAAOSwRNde4-Ao/$_2.JPG,https://i.ebayimg.com/00/s/NjgzWDEwMjU=/z/vy8AAOSwzO5e4-Ah/$_2.JPG
3,"
                            Fashion District- 1 bedroom + den
                        ",https://www.kijiji.ca/v-apartments-condos/city-of-toronto/fashion-district-1-bedroom-den/1505801150?null&siteLocale=en_CA,"50 Portland St, Toronto, ON, M5V 2M7",Apartment,2499,1.5,1,43.6432618,-79.3998572,0,1,1,1,0,0,1,694,0,1,97,10,66,https://i.ebayimg.com/00/s/NjQwWDQ4MA==/z/8tQAAOSw7vVe4-Ag/$_27.JPG,https://i.ebayimg.com/00/s/NjQwWDQ4MA==/z/2lcAAOSwQBNe4-Ag/$_2.JPG,https://i.ebayimg.com/00/s/NjQwWDQ4MA==/z/b-YAAOSwLrle4-Ah/$_2.JPG
4,"
                            2  bedroom, 2 bath in the heart of King West
                        ",https://www.kijiji.ca/v-apartments-condos/city-of-toronto/2-bedroom-2-bath-in-the-heart-of-king-west/1505801149?null&siteLocale=en_CA,"50 Portland St, Toronto, ON, M5V 2M7",Apartment,3195,2.5,2,43.6432618,-79.3998572,0,1,1,1,0,0,1,887,0,1,97,10,66,https://i.ebayimg.com/00/s/MTIwMFgxNjAw/z/Q9cAAOSwdYFe4-Am/$_27.JPG,https://i.ebayimg.com/00/s/MTIwMFgxNjAw/z/JncAAOSwYN5e4-Am/$_2.JPG,https://i.ebayimg.com/00/s/MTYwMFgxMjgw/z/8tsAAOSwh3Ve4-Ak/$_2.JPG
5,"
                            Fashion District -1 bedroom + den
                        ",https://www.kijiji.ca/v-apartments-condos/city-of-toronto/fashion-district-1-bedroom-den/1511404477?null&siteLocale=en_CA,"50 Portland St, Toronto, ON, M5V 2M7",Apartment,2375,1,1,43.6432618,-79.3998572,0,1,1,1,0,0,1,625,0,1,97,10,66,https://i.ebayimg.com/00/s/NDgwWDY0MA==/z/KrsAAOSwG7FfCMkh/$_27.JPG,https://i.ebayimg.com/00/s/MTYwMFgxMjgw/z/pZMAAOSwSmxfCMkn/$_2.JPG,https://i.ebayimg.com/00/s/NjQwWDQ4MA==/z/PUMAAOSwogVfCMkh/$_2.JPG
6,"
                            King West-1 bedroom, brand new!!
                        ",https://www.kijiji.ca/v-apartments-condos/city-of-toronto/king-west-1-bedroom-brand-new/1505751299?null&siteLocale=en_CA,"50 Portland St, Toronto, ON, M5V 2M7",Apartment,1995,1,1,43.6432618,-79.3998572,0,1,1,1,0,0,1,487,0,1,97,10,66,https://i.ebayimg.com/00/s/NDgwWDY0MA==/z/FukAAOSwxahe4-Ag/$_27.JPG,https://i.ebayimg.com/00/s/NjQwWDQ4MA==/z/gVoAAOSwJp5e4-Ag/$_2.JPG,https://i.ebayimg.com/00/s/NjQwWDQ4MA==/z/EcUAAOSwvhte4-Ag/$_2.JPG
7,"
                            Upscale Large 1 Bedroom Suite Yonge & St. Clair(Air Conditioned)
                        ",https://www.kijiji.ca/v-apartments-condos/city-of-toronto/upscale-large-1-bedroom-suite-yonge-st-clair-air-conditioned/1505992837?null&siteLocale=en_CA,"60 Pleasant Blvd, Toronto, ON M4T 1K1, Canada",Apartment,1999,1,1,43.6877962,-79.3914731,0,1,1,1,1,0,1,750,0,1,88,85,76,https://i.ebayimg.com/00/s/NDgwWDcyMA==/z/Nm4AAOSwEoNe4mqv/$_27.JPG,https://i.ebayimg.com/00/s/NTMzWDgwMA==/z/77kAAOSwafNe4muj/$_2.JPG,https://i.ebayimg.com/00/s/NTMzWDgwMA==/z/xSQAAOSwk2Je4muu/$_2.JPG
8,"
                            Yonge & St. Clair Luxury Bachelor Suite (Air Conditioned)
                        ",https://www.kijiji.ca/v-apartments-condos/city-of-toronto/yonge-st-clair-luxury-bachelor-suite-air-conditioned/1505988911?null&siteLocale=en_CA,"60 Pleasant Blvd, Toronto, ON M4T 1K1, Canada",Apartment,1599,1,1,43.6877962,-79.3914731,0,1,1,1,1,0,1,400,0,1,88,85,76,https://i.ebayimg.com/00/s/NDgwWDcyMA==/z/AMcAAOSwWcBe4mjE/$_27.JPG,https://i.ebayimg.com/00/s/NTMzWDgwMA==/z/SLgAAOSw0FJfD00-/$_2.JPG,https://i.ebayimg.com/00/s/NTMzWDgwMA==/z/anMAAOSw~OxfD01F/$_2.JPG
9,"
                            Etobicoke -  Between Kipling and Bloor - Studio
                        ",https://www.kijiji.ca/v-apartments-condos/city-of-toronto/etobicoke-between-kipling-and-bloor-studio/1505793117?null&siteLocale=en_CA,"7 Summerland Terrace, Etobicoke, ON, M9A 0B6",Apartment,1735,1,1,43.6435388,-79.531935,0,1,0,1,0,0,1,388,0,1,74,97,52,https://i.ebayimg.com/00/s/NDI1WDY1MA==/z/QPIAAOSwrWZe4XBI/$_27.JPG,https://i.ebayimg.com/00/s/NDI1WDY1MA==/z/1isAAOSwfPFe4XBF/$_2.JPG,https://i.ebayimg.com/00/s/NDI1WDY1MA==/z/McsAAOSwc65e4XBI/$_2.JPG
10,"
                            Etobicoke - Between Kipling and Bloor - 2 Bedroom
                        ",https://www.kijiji.ca/v-apartments-condos/city-of-toronto/etobicoke-between-kipling-and-bloor-2-bedroom/1505793080?null&siteLocale=en_CA,"11 Dunbloor Road, Etobicoke, ON, M9A 0B2",Apartment,2425,2,2,43.643666,-79.5328557,0,1,0,1,0,0,1,875,0,1,77,96,58,https://i.ebayimg.com/00/s/NDI1WDY1MA==/z/qlYAAOSwVSte4XBA/$_27.JPG,https://i.ebayimg.com/00/s/NjRYNjQ=/z/IGAAAOSw7Rde4XA9/$_2.JPG,https://i.ebayimg.com/00/s/NjRYNjQ=/z/5xcAAOSw4CRe4XA9/$_2.JPG
11,"
                            Etobicoke - Between Kipling and Bloor - 1 Bedroom
                        ",https://www.kijiji.ca/v-apartments-condos/city-of-toronto/etobicoke-between-kipling-and-bloor-1-bedroom/1505793115?null&siteLocale=en_CA,"7 Summerland Terrace, Etobicoke, ON, M9A 0B6",Apartment,1950,1,1,43.6435388,-79.531935,0,1,0,1,0,0,1,581,0,1,74,97,52,https://i.ebayimg.com/00/s/NDI1WDY1MA==/z/4jgAAOSwhAde4XBF/$_27.JPG,https://i.ebayimg.com/00/s/NDI1WDY1MA==/z/ab8AAOSw8Rte4XBF/$_2.JPG,https://i.ebayimg.com/00/s/NDI1WDY1MA==/z/~V4AAOSwWVxe4XBF/$_2.JPG
12,"
                            Etobicoke - Between Kipling and Bloor - 1 Bedroom
                        ",https://www.kijiji.ca/v-apartments-condos/city-of-toronto/etobicoke-between-kipling-and-bloor-1-bedroom/1505793067?null&siteLocale=en_CA,"11 Dunbloor Road, Etobicoke, ON, M9A 0B2",Apartment,2195,1,1,43.643666,-79.5328557,0,1,0,1,0,0,1,590,0,1,77,96,58,https://i.ebayimg.com/00/s/NDI1WDY1MA==/z/yOMAAOSw-gBe4XA9/$_27.JPG,https://i.ebayimg.com/00/s/NjRYNjQ=/z/5JYAAOSwOzpe4XA5/$_2.JPG,https://i.ebayimg.com/00/s/NjRYNjQ=/z/NxcAAOSw2uhe4XA5/$_2.JPG
13,"
                            Etobicoke - Between Kipling and Bloor - 1 + Den
                        ",https://www.kijiji.ca/v-apartments-condos/city-of-toronto/etobicoke-between-kipling-and-bloor-1-den/1505793068?null&siteLocale=en_CA,"11 Dunbloor Road, Etobicoke, ON, M9A 0B2",Apartment,2050,1.5,1,43.643666,-79.5328557,0,1,0,1,0,0,1,655,0,1,77,96,58,https://i.ebayimg.com/00/s/NDI1WDY1MA==/z/G~AAAOSwF4Ne4XA-/$_27.JPG,https://i.ebayimg.com/00/s/NjRYNjQ=/z/BzoAAOSw7zZe4XA7/$_2.JPG,https://i.ebayimg.com/00/s/NjRYNjQ=/z/CG4AAOSwtWNe4XA6/$_2.JPG
14,"
                            Newly Renovated 1 Bedroom at Yonge and Sheppard - Prelude
                        ",https://www.kijiji.ca/v-apartments-condos/city-of-toronto/newly-renovated-1-bedroom-at-yonge-and-sheppard-prelude/1505771339?null&siteLocale=en_CA,"151, North York, ON, M2N 7C4",Apartment,2125,1,1,43.7651119,-79.4135465,0,0,1,1,1,0,1,490,0,1,93,89,53,https://i.ebayimg.com/00/s/MTkxWDMwMA==/z/cNQAAOSwIy1e4V31/$_27.JPG,https://i.ebayimg.com/00/s/NDgwWDY0MA==/z/tbUAAOSwXbhe4V32/$_2.JPG,https://i.ebayimg.com/00/s/NDgwWDY0MA==/z/4v8AAOSwdeNe4V31/$_2.JPG
15,"
                            Etobicoke - Between Kipling and Bloor - 1 Bedroom
                        ",https://www.kijiji.ca/v-apartments-condos/city-of-toronto/etobicoke-between-kipling-and-bloor-1-bedroom/1505793043?null&siteLocale=en_CA,"3 Summerland Terrace, Etobicoke, ON, M9A 0B4",Apartment,1975,1,1,43.6431922,-79.5321985,0,1,0,1,0,0,1,596,0,1,75,97,52,https://i.ebayimg.com/00/s/NDI1WDY1MA==/z/SVMAAOSwf3pe4XA2/$_27.JPG,https://i.ebayimg.com/00/s/NDI1WDY1MA==/z/j38AAOSwG0Fe4XA1/$_2.JPG,https://i.ebayimg.com/00/s/NDI1WDY1MA==/z/8noAAOSwDQxe4XA2/$_2.JPG
16,"
                            Corktown, Between King & Queen – 1+Den BR, 553 SF
                        ",https://www.kijiji.ca/v-apartments-condos/city-of-toronto/corktown-between-king-queen-1-den-br-553-sf/1505779379?null&siteLocale=en_CA,"132 Berkeley St, Toronto, ON, M5A 0H6",Apartment,1975,1.5,1,43.6547286,-79.3659454,0,0,0,1,0,0,1,553,0,1,93,94,99,https://i.ebayimg.com/00/s/NDI1WDY1MA==/z/gCgAAOSwKx9e4WQ-/$_27.JPG,https://i.ebayimg.com/00/s/Mzc0WDYwMA==/z/ZoUAAOSwu0Fe4WQ7/$_2.JPG,https://i.ebayimg.com/00/s/NDAwWDYwMA==/z/XGEAAOSwaTJe4WQ7/$_2.JPG
17,"
                            Bay Street-Dundas Street – Studio – 1 BR – 565 SF
                        ",https://www.kijiji.ca/v-apartments-condos/city-of-toronto/bay-street-dundas-street-studio-1-br-565-sf/1505791982?null&siteLocale=en_CA,"570 Bay Street, Toronto, ON, M5G 0B2",Apartment,2115,1,1,43.6552908,-79.3839713,0,0,0,1,0,0,1,565,0,1,99,98,75,https://i.ebayimg.com/00/s/OTUxWDc2OA==/z/w9AAAOSwsnpe4W9D/$_27.JPG,https://i.ebayimg.com/00/s/NjgzWDEwMjQ=/z/4egAAOSwkcVe4W9D/$_2.JPG,https://i.ebayimg.com/00/s/NzY4WDEwMjQ=/z/9yoAAOSw40Ve4W9C/$_2.JPG
18,"
                            Corktown, Between King & Queen – Studio,  371 SF
                        ",https://www.kijiji.ca/v-apartments-condos/city-of-toronto/corktown-between-king-queen-studio-371-sf/1505779405?null&siteLocale=en_CA,"132 Berkeley St, Toronto, ON, M5A 0H6",Apartment,1585,1,1,43.6547286,-79.3659454,0,0,0,1,0,0,1,371,0,1,93,94,99,https://i.ebayimg.com/00/s/NzEzWDEwMjQ=/z/o6QAAOSwVSte4WQ7/$_27.JPG,https://i.ebayimg.com/00/s/NDI1WDY1MA==/z/Vh8AAOSwE25e4WQ8/$_2.JPG,https://i.ebayimg.com/00/s/NDI1WDY1MA==/z/Pf8AAOSwvQJe4WQ6/$_2.JPG
19,"
                            Church Street-Shuter Street – Studio – 365 SF
                        ",https://www.kijiji.ca/v-apartments-condos/city-of-toronto/church-street-shuter-street-studio-365-sf/1505745917?null&siteLocale=en_CA,"167 Church Street, Toronto, ON, M5B 1Y6",Apartment,1650,1,1,43.6543938,-79.3759018,0,0,0,0,0,0,1,365,0,1,97,99,97,https://i.ebayimg.com/00/s/MTAyNFg3Mjk=/z/BeMAAOSwfEVe4UH6/$_27.JPG,https://i.ebayimg.com/00/s/NjgzWDEwMjQ=/z/SDsAAOSwvppe4UH6/$_2.JPG,https://i.ebayimg.com/00/s/NTc1WDEwMjQ=/z/LNYAAOSw6Ode4UH6/$_2.JPG
20,"
                            Bay Street-Dundas Street – Studio – 401 SF
                        ",https://www.kijiji.ca/v-apartments-condos/city-of-toronto/bay-street-dundas-street-studio-401-sf/1505791973?null&siteLocale=en_CA,"570 Bay Street, Toronto, ON, M5G 0B2",Apartment,1775,1,1,43.6552908,-79.3839713,0,0,0,1,0,0,1,401,0,1,99,98,75,https://i.ebayimg.com/00/s/OTUxWDc2OA==/z/I94AAOSwcp9e4W8~/$_27.JPG,https://i.ebayimg.com/00/s/NjgzWDEwMjQ=/z/mhEAAOSw6xxe4W8~/$_2.JPG,https://i.ebayimg.com/00/s/NzY4WDEwMjQ=/z/H1kAAOSwXmpe4W8-/$_2.JPG
21,"
                            Downtown Toronto Rental Apartment– 2 BR –835 SF
                        ",https://www.kijiji.ca/v-apartments-condos/city-of-toronto/downtown-toronto-rental-apartment-2-br-835-sf/1505769829?null&siteLocale=en_CA,"167 Church Street, Toronto, ON, M5B 1Y6",Apartment,2650,2,2,43.6543938,-79.3759018,0,0,0,1,1,0,1,835,0,1,97,99,97,https://i.ebayimg.com/00/s/MTAyNFg3Mjk=/z/RKcAAOSw21Fe4Vyu/$_27.JPG,https://i.ebayimg.com/00/s/NTE1WDE1MDA=/z/akkAAOSwJqhe4Vys/$_2.JPG,https://i.ebayimg.com/00/s/MTEyNVgxNTAw/z/PkYAAOSwVope4Vy2/$_2.PNG
22,"
                            Downtown Toronto Rental Apartment– 1 BR –540 SF
                        ",https://www.kijiji.ca/v-apartments-condos/city-of-toronto/downtown-toronto-rental-apartment-1-br-540-sf/1505769830?null&siteLocale=en_CA,"167 Church Street, Toronto, ON, M5B 1Y6",Apartment,2175,1,1,43.6543938,-79.3759018,0,0,0,1,0,0,1,540,0,1,97,99,97,https://i.ebayimg.com/00/s/MTAyNFg3Mjk=/z/WvgAAOSwvppe4Vyr/$_27.JPG,https://i.ebayimg.com/00/s/MTYwMFgxMjAw/z/p5MAAOSwZlhe4Vy2/$_2.JPG,https://i.ebayimg.com/00/s/NzUwWDEwMDA=/z/55wAAOSwSjle4Vyr/$_2.JPG
23,"
                            1 BDRM + Den ( Keele&401) 
                        ",https://www.kijiji.ca/v-apartments-condos/city-of-toronto/1-bdrm-den-keele-401/1512313458?null&siteLocale=en_CA,"Keele St & Rustic Rd, Toronto, ON M6L 2P2, Canada",Apartment,1550,1.5,1,43.717903,-79.48011,1,1,1,1,1,1,0,700,0,1,43,67,41,https://i.ebayimg.com/00/s/NjAwWDgwMA==/z/1TIAAOSwsihfDxru/$_27.PNG,https://i.ebayimg.com/00/s/NjAwWDgwMA==/z/TpwAAOSw2jdfDxrx/$_2.PNG,https://i.ebayimg.com/00/s/NjAwWDgwMA==/z/0TYAAOSwS3VfDxr1/$_2.PNG
24,"
                            Bright Basement, Incl. All Utilities, Huge Yard, Great Location
                        ",https://www.kijiji.ca/v-apartments-condos/city-of-toronto/bright-basement-incl-all-utilities-huge-yard-great-location/1512311255?null&siteLocale=en_CA,"M6R2Y7, Canada",Apartment,1350,1,1,43.6406874,-79.4543032,1,1,1,1,1,0,0,800,0,0,36,75,91,https://i.ebayimg.com/00/s/MTYwMFgxMjAw/z/NaoAAOSwsu9fDyT5/$_27.JPG,https://i.ebayimg.com/00/s/MTYwMFgxMjAw/z/SecAAOSwmIBfDxoE/$_2.JPG,https://i.ebayimg.com/00/s/MTYwMFgxMjAw/z/7nQAAOSwH~ZfDxnV/$_2.JPG
25,"
                            Clean, cozy one-bedroom apartment - Golden Triangle, East York
                        ",https://www.kijiji.ca/v-apartments-condos/city-of-toronto/clean-cozy-one-bedroom-apartment-golden-triangle-east-york/1512309866?null&siteLocale=en_CA,"26 Elmsdale Rd, East York, ON M4J 3M4, Canada",Apartment,1150,1,1,43.6952915,-79.3446965,1,1,1,1,0,0,0,500,0,0,59,70,81,https://i.ebayimg.com/00/s/ODAwWDYwMA==/z/dEcAAOSwEONfDxZz/$_27.JPG,https://i.ebayimg.com/00/s/ODAwWDYwMA==/z/VfUAAOSwN45fDxZv/$_2.JPG,https://i.ebayimg.com/00/s/NjAwWDgwMA==/z/6JwAAOSwfOtfDxaN/$_2.JPG
0,"
                            Large Apartment - walk to Yonge and St. Clair Subway
                        ",https://www.kijiji.ca/v-apartments-condos/city-of-toronto/large-apartment-walk-to-yonge-and-st-clair-subway/1504809494?null&siteLocale=en_CA,"309 Mt Pleasant Rd, Toronto, ON M4T 2C2, Canada",Apartment,1600,1,1,43.6901797,-79.382903,0,1,1,1,1,0,0,800,0,0,65,78,85,,,
1,"
                            Downtown Toronto Apartment 
                        ",https://www.kijiji.ca/v-apartments-condos/city-of-toronto/downtown-toronto-apartment/1512309020?null&siteLocale=en_CA,"M4Y2P3, Canada",Apartment,2350,2,1,43.6715918,-79.3786732,1,1,1,1,1,0,0,900,1,0,90,89,74,https://i.ebayimg.com/00/s/MTIwMFgxNjAw/z/13YAAOSwZNhfDxYB/$_27.JPG,https://i.ebayimg.com/00/s/MTYwMFgxMjAw/z/id8AAOSwMYxfDxYD/$_2.JPG,https://i.ebayimg.com/00/s/MTYwMFgxMjAw/z/A4QAAOSwWHtfDxYF/$_2.JPG
2,"
                            BR Apartment Furnished+Cable+Net+All Utilities Inc. Downtown
                        ",https://www.kijiji.ca/v-apartments-condos/city-of-toronto/br-apartment-furnished-cable-net-all-utilities-inc-downtown/1512309007?null&siteLocale=en_CA,", Toronto M6K1C1 ON, Canada",Apartment,2150,1,1,43.635392,-79.4364565,1,1,1,1,0,0,0,550,1,1,74,80,88,https://i.ebayimg.com/00/s/NTE5WDgwMA==/z/l7oAAOSwFWhfDxXY/$_27.JPG,https://i.ebayimg.com/00/s/NTM4WDgwMA==/z/QNsAAOSwFlpfDxXb/$_2.JPG,https://i.ebayimg.com/00/s/NjkyWDQ2NQ==/z/YIMAAOSwk6RfDxXl/$_2.JPG
3,"
                            Studio/ bachelor Apartment Cable+Internet+Utility Incl. Downtown
                        ",https://www.kijiji.ca/v-apartments-condos/city-of-toronto/studio-bachelor-apartment-cable-internet-utility-incl-downtown/1512308414?null&siteLocale=en_CA,", Toronto M6K1C1 ON, Canada",Apartment,1690,1,1,43.635392,-79.4364565,1,1,1,1,0,0,0,550,0,1,74,80,88,https://i.ebayimg.com/00/s/NTMzWDgwMA==/z/KBEAAOSwvBRfDxVH/$_27.JPG,https://i.ebayimg.com/00/s/NTMzWDgwMA==/z/k4EAAOSwmvtfDxUz/$_2.JPG,https://i.ebayimg.com/00/s/NTMzWDgwMA==/z/7r8AAOSwrz5fDxU2/$_2.JPG
4,"
                            Yonge and Eglinton, 63 Roehampton, Bach suite
                        ",https://www.kijiji.ca/v-apartments-condos/city-of-toronto/yonge-and-eglinton-63-roehampton-bach-suite/1505840445?null&siteLocale=en_CA,"63 Roehampton Avenue, Toronto, ON, M4P 1R1",Apartment,1525,1,1,43.7081182,-79.396487,0,0,1,1,0,0,0,380,0,1,96,91,70,https://i.ebayimg.com/00/s/MzM1WDUwMA==/z/hScAAOSw0~de4aD4/$_27.JPG,https://i.ebayimg.com/00/s/MTIwMFgxNjAw/z/z6YAAOSwUjJe4aEA/$_2.JPG,https://i.ebayimg.com/00/s/MTIwMFgxNjAw/z/~MUAAOSwOPVe4aEA/$_2.JPG
5,"
                            Large Parkdale Bachelor For Rent
                        ",https://www.kijiji.ca/v-apartments-condos/city-of-toronto/large-parkdale-bachelor-for-rent/1512307558?null&siteLocale=en_CA,"1501 King St W, Toronto, ON M6K 1J4, Canada",Apartment,1395,1,1,43.6362647,-79.4407241,1,1,1,1,0,0,0,450,0,0,81,80,54,https://i.ebayimg.com/00/s/ODAwWDYwMA==/z/q1cAAOSwokBfDxRY/$_27.JPG,https://i.ebayimg.com/00/s/ODAwWDYwMA==/z/YQcAAOSw8WZfDxRf/$_2.JPG,https://i.ebayimg.com/00/s/ODAwWDYwMA==/z/AuAAAOSwCQJfDxRm/$_2.JPG
6,"
                            $1800 1 bed 1 bath for rent College and Spadina
                        ",https://www.kijiji.ca/v-apartments-condos/city-of-toronto/1800-1-bed-1-bath-for-rent-college-and-spadina/1512307038?null&siteLocale=en_CA,"396 College St, Toronto, ON M5T 1S7, Canada",Apartment,1800,1,1,43.6570713,-79.4058325,0,0,1,1,0,0,0,495,0,0,94,93,96,https://i.ebayimg.com/00/s/NTMxWDgwMA==/z/wt8AAOSwByFfDxOG/$_27.JPG,https://i.ebayimg.com/00/s/NTMyWDgwMA==/z/Zk0AAOSwpJhfDxOJ/$_2.JPG,https://i.ebayimg.com/00/s/NTMzWDgwMA==/z/l4sAAOSws3xfDxOM/$_2.JPG
7,"
                            Hidden Gem! Brand new 1 bedroom apartment 
                        ",https://www.kijiji.ca/v-apartments-condos/city-of-toronto/hidden-gem-brand-new-1-bedroom-apartment/1512305765?null&siteLocale=en_CA,"M6H1W7, Canada",Apartment,2375,1,1,43.6674798,-79.4298621,0,1,1,0,0,0,0,550,0,1,81,82,62,https://i.ebayimg.com/00/s/OTk2WDExMjU=/z/yCwAAOSwYORfDxHn/$_27.JPG,https://i.ebayimg.com/00/s/ODU0WDExMjU=/z/RZUAAOSw-0tfDxHv/$_2.JPG,https://i.ebayimg.com/00/s/MTEyMlgxMTI1/z/yEEAAOSwYORfDxH0/$_2.JPG
8,"
                            Bachelor Studio Apt available at Downtown Toronto
                        ",https://www.kijiji.ca/v-apartments-condos/city-of-toronto/bachelor-studio-apt-available-at-downtown-toronto/1512303675?null&siteLocale=en_CA,"Isabella St, Toronto, ON, Canada",Apartment,1375,1,1,43.6686313,-79.3806763,1,1,1,1,0,0,0,360,0,1,96,90,75,https://i.ebayimg.com/00/s/NjAwWDgwMA==/z/JeQAAOSwyo1fDw6f/$_27.JPG,https://i.ebayimg.com/00/s/Mzc5WDgwMA==/z/tfAAAOSwGm5fDw6x/$_2.JPG,https://i.ebayimg.com/00/s/ODAwWDYwMA==/z/A4gAAOSw-lhfDw7A/$_2.JPG
9,"
                            Stunning 1 Bed Apartment- The Beaches!!
                        ",https://www.kijiji.ca/v-apartments-condos/city-of-toronto/stunning-1-bed-apartment-the-beaches/1512301806?null&siteLocale=en_CA,", Toronto M4E1H8 ON, Canada",Apartment,1650,1,1,43.6733999,-79.2829039,0,1,1,1,0,0,0,800,0,1,76,69,63,https://i.ebayimg.com/00/s/NDUwWDgwMA==/z/TGwAAOSwxTxfDw0L/$_27.JPG,https://i.ebayimg.com/00/s/NTM0WDgwMA==/z/dGEAAOSw0tNfDwz8/$_2.JPG,https://i.ebayimg.com/00/s/NjAwWDgwMA==/z/ydgAAOSwqEVfDw0u/$_2.JPG
10,"
                            Stunning 1 Bed Apartment- Yonge/Eglinton
                        ",https://www.kijiji.ca/v-apartments-condos/city-of-toronto/stunning-1-bed-apartment-yonge-eglinton/1512300673?null&siteLocale=en_CA,", Toronto M4P2A6 ON, Canada",Apartment,1750,1,1,43.7140347,-79.3960032,0,1,1,1,0,0,0,800,0,1,83,83,70,,,
11,"
                            DUFFERIN SUBWAY+MALL - Large Upper 2 BDRM Unit - Sept 1
                        ",https://www.kijiji.ca/v-apartments-condos/city-of-toronto/dufferin-subway-mall-large-upper-2-bdrm-unit-sept-1/1512300642?null&siteLocale=en_CA,", Toronto M6H 4B7 ON, Canada",Apartment,1925,2,1,43.6641979,-79.4368082,1,1,1,1,1,0,0,850,0,1,82,85,80,https://i.ebayimg.com/00/s/NjAwWDgwMA==/z/58oAAOSwyJRfDwua/$_27.JPG,https://i.ebayimg.com/00/s/ODAwWDYwMA==/z/NxEAAOSwOntfDwuc/$_2.JPG,https://i.ebayimg.com/00/s/ODAwWDYwMA==/z/Ls0AAOSwa3tfDwuf/$_2.JPG
12,"
                            Condo In KING WEST- Front and Bathurst
                        ",https://www.kijiji.ca/v-apartments-condos/city-of-toronto/condo-in-king-west-front-and-bathurst/1508869206?null&siteLocale=en_CA,"576 front street, Toronto, ON, M5J 2Z2",Apartment,2300,2,2,43.6410714,-79.400252,0,0,0,1,1,0,1,632,0,1,91,96,95,https://i.ebayimg.com/00/s/MTY2WDI1MA==/z/I1QAAOSwUspe91KF/$_27.JPG,https://i.ebayimg.com/00/s/MTAwOFg3NTY=/z/Gi8AAOSwVVBe91KJ/$_2.JPG,https://i.ebayimg.com/00/s/MTY2WDI1MA==/z/w8YAAOSw~mRe91KF/$_2.JPG
13,"
                            2 bedroom Annex apt in great home at Christie Pits
                        ",https://www.kijiji.ca/v-apartments-condos/city-of-toronto/2-bedroom-annex-apt-in-great-home-at-christie-pits/1512298498?null&siteLocale=en_CA,"christie, m6g3b5, toronto, ON",Apartment,2300,2,1,43.6683553,-79.4202547,0,0,0,0,1,0,0,800,0,0,84,82,72,https://i.ebayimg.com/00/s/NDgwWDY0MA==/z/GSoAAOSwopFfDwfh/$_27.JPG,https://i.ebayimg.com/00/s/NDgwWDY0MA==/z/gIIAAOSws6tfDwgu/$_2.JPG,https://i.ebayimg.com/00/s/NDgwWDY0MA==/z/yOUAAOSwIMtfDwg7/$_2.JPG
14,"
                            Renovated Woodbine&Danforth 2 Bed 1 Bath Upper Floor Unit
                        ",https://www.kijiji.ca/v-apartments-condos/city-of-toronto/renovated-woodbine-danforth-2-bed-1-bath-upper-floor-unit/1512296538?null&siteLocale=en_CA,"170 Holborne Ave, East York, ON M4C 2R6, Canada",Apartment,1995,2,1,43.6950512,-79.31713,0,1,1,1,0,1,0,500,0,0,85,73,75,https://i.ebayimg.com/00/s/MTIwMFgxNjAw/z/IFEAAOSwLh9fDwOn/$_27.JPG,https://i.ebayimg.com/00/s/MTIwMFgxNjAw/z/VWsAAOSwLeNfDwOq/$_2.JPG,https://i.ebayimg.com/00/s/MTYwMFgxMjAw/z/dU4AAOSwQwRfDwOs/$_2.JPG
15,"
                            Renovated Woodbine&Danforth 2 Bed 1 Bath Ground Floor Unit
                        ",https://www.kijiji.ca/v-apartments-condos/city-of-toronto/renovated-woodbine-danforth-2-bed-1-bath-ground-floor-unit/1512294870?null&siteLocale=en_CA,"170 Holborne Ave, East York, ON M4C 2R6, Canada",Apartment,1995,2,1,43.6950512,-79.31713,0,1,1,1,0,1,0,500,0,0,85,73,75,https://i.ebayimg.com/00/s/MTIwMFgxNjAw/z/PQwAAOSwQ8NfDwKh/$_27.JPG,https://i.ebayimg.com/00/s/MTIwMFgxNjAw/z/v4sAAOSwZNhfDwKj/$_2.JPG,https://i.ebayimg.com/00/s/MTYwMFgxMjAw/z/oFMAAOSwCJ9fDwKl/$_2.JPG
16,"
                            1 Bedroom - St. Clair West/Keele
                        ",https://www.kijiji.ca/v-apartments-condos/city-of-toronto/1-bedroom-st-clair-west-keele/1512294813?null&siteLocale=en_CA,"289 Old Weston Rd, York, ON M6N 3A7, Canada",Apartment,1400,1,1,43.6721799,-79.462409,1,1,1,0,0,0,0,500,0,0,89,77,77,https://i.ebayimg.com/00/s/NjAyWDgwMA==/z/4DoAAOSwdohfDwLW/$_27.JPG,https://i.ebayimg.com/00/s/NjAwWDgwMA==/z/F3kAAOSwXvZfDwLZ/$_2.JPG,https://i.ebayimg.com/00/s/ODAwWDU5NA==/z/N9YAAOSw6v5fDwLd/$_2.JPG
17,"
                            Mainfloor Newly Renovated 1 Bedroom Apt - avail for Aug 1st
                        ",https://www.kijiji.ca/v-apartments-condos/city-of-toronto/mainfloor-newly-renovated-1-bedroom-apt-avail-for-aug-1st/1512294547?null&siteLocale=en_CA,", Toronto M6E 4P5 ON, Canada",Apartment,1695,1,1,43.6795714,-79.4554459,1,1,1,1,1,0,0,600,0,1,67,75,73,https://i.ebayimg.com/00/s/ODAwWDYwMA==/z/ckgAAOSw~xFfDwIA/$_27.JPG,https://i.ebayimg.com/00/s/ODAwWDYwMA==/z/~7QAAOSw445fDwIM/$_2.JPG,https://i.ebayimg.com/00/s/ODAwWDYwMA==/z/QvQAAOSwtNlfDwIV/$_2.JPG
18,"
                            ONE BEDROOM APARTMENT FOR RENT NEAR DOWNTOWN TORONTO
                        ",https://www.kijiji.ca/v-apartments-condos/city-of-toronto/one-bedroom-apartment-for-rent-near-downtown-toronto/1512291997?null&siteLocale=en_CA,"1978 Davenport Rd, Toronto, ON M6N 1C4, Canada",Apartment,1500,1,1,43.670287,-79.4571981,0,1,1,0,1,0,0,650,0,0,60,77,80,https://i.ebayimg.com/00/s/MTYwMFgxMjAw/z/QfcAAOSwK2VfDv7L/$_27.JPG,https://i.ebayimg.com/00/s/MTYwMFgxMjAw/z/7KsAAOSwLNtfDv7N/$_2.JPG,https://i.ebayimg.com/00/s/MTYwMFgxMjAw/z/FAkAAOSwPlJfDv7P/$_2.JPG
19,"
                            1 Bdrm Apt Queen St. E. /Broadview (Incl Utilities) Aug 1st
                        ",https://www.kijiji.ca/v-apartments-condos/city-of-toronto/1-bdrm-apt-queen-st-e-broadview-incl-utilities-aug-1st/1505642887?null&siteLocale=en_CA,"781 Queen St E, Toronto, ON M4M 1H5, Canada",Apartment,1800,1,1,43.6593631,-79.3468857,1,1,1,0,0,0,0,450,0,0,83,88,69,https://i.ebayimg.com/00/s/NDUwWDgwMA==/z/dIgAAOSwYE9e4NTa/$_27.JPG,https://i.ebayimg.com/00/s/NDUwWDgwMA==/z/xLYAAOSwfA5e4NTh/$_2.JPG,https://i.ebayimg.com/00/s/NDUwWDgwMA==/z/iroAAOSw5-1e4NTo/$_2.JPG
